NOM;ADR1;CP;VILLE;TEL;FAX;TARIF1;TARIF2;TARIF3;TARIF_AUTRE;MICRO_ONDE;MICRO_ONDE_COLL;KITCHENETTE;FRIGO;CUISINE_COLL;WC_CHAMBRE;WC_PALIER;DOUCHE_CHAMBRE;DOUCHE_PALIER;ITINERAIRE;OBS
ANJOU;09 Rue de la Solidarit�;93100;MONTREUIL;01 42 87 89 59;01 48 59 28 24;16,23;32,46;0;;VRAI;FAUX;VRAI;VRAI;FAUX;VRAI;FAUX;VRAI;FAUX;"LIGNE 9 MAIRIE DE MONTREUIL
BUS 115 ARRET SOLIDARITE";RECEPTION OUVERTE JUSQU'� 20H
HOTEL BELFORT;33 boulevard paul vaillant couturier;93100;MONTREUIL;01 42 87 50 03;01 42 87 50 03;40;20;15,66;0;FAUX;VRAI;FAUX;FAUX;VRAI;VRAI;FAUX;VRAI;FAUX;"LIGNE 9 ARRET MAIRIE DE MONTREUIL
PRENDRE SORTIE PAUL VAILLANT COUTURIER";
FORMULE 1 NOISY;Boulevard du Ru de Nesle;93160;NOISY LE GRAND;08 91 70 52 95;01 43 03 70 07;35,4;38,4;0;;FAUX;VRAI;FAUX;FAUX;FAUX;FAUX;FAUX;FAUX;VRAI;RER A STATION NOISY CHAMPS;0143037028
HOTEL ROYAL MONTREUIL;59 Rue de Paris;93100;MONTREUIL;01 42 87 13 39;01 42 87 31 33;43;21,5;15,666666;0;FAUX;FAUX;FAUX;FAUX;FAUX;VRAI;FAUX;VRAI;FAUX;LIGNE 9 ARRET CROIX DE CHAVAUX;
RESIDENCE NOISY;421 La closerie Mont d'est;93160;NOISY le GRAND;01 55 85 15 85;01 55 85 15 86;45;60;75;120;VRAI;FAUX;VRAI;VRAI;FAUX;VRAI;FAUX;VRAI;FAUX;"RER A ARRET NOISY LE GRAND MONT D'EST
SORTIE CENTRE COMMERCIAL";
HOTEL STRASBOURG;43 BOULEVARD DE STRASBOURG;93600;AULNAY/BOIS;01 48 66 60 38;;30;15;13;;VRAI;FAUX;FAUX;VRAI;FAUX;VRAI;FAUX;VRAI;FAUX;<div>RER B descendre � Aulnay Sous Bois prendre bus 615: MAR�CHAL LECLERC h�tel juste en face</div>;il y a des chambres o� il n'y a pas de possibilit� de cuisiner
HOTEL OASIS DRANCY;237 Avenue Jean Jaur�s;93700;DRANCY;06 50 41 64 29;01 48 30 25 40;32;16;0;;FAUX;VRAI;FAUX;FAUX;VRAI;FAUX;VRAI;FAUX;VRAI;"<div>RER B : Direction Roissy Charles De Gaulle Descendre a la station &nbsp;Le Bourget &nbsp;Prendre le Bus 143 descendre � la station Bois d'Amour &nbsp;l'h�tel est juste en face</div>

<div>0665587197 Mr ELATMANI</div>";
SAXO;90 Av Gallieni;93140;BONDY;01 48 49 90 16;01 48 49 57 84;14,33;45;50;;FAUX;FAUX;FAUX;FAUX;FAUX;VRAI;FAUX;VRAI;FAUX;;
ROYAL MAD;68 RUE SEDAINE;75011;PARIS;01 43 57 70 50;01 48 05 87 24;32;16,5;33;;FAUX;FAUX;FAUX;FAUX;FAUX;FAUX;VRAI;FAUX;VRAI;METRO 9 ARRET VOLTAIRE;
CENTRAL;69 RUE  JEAN JAUR7S;92300;LEVALLOIS PERRET;01 47 37 73 33;01 70 71 94 95;30;45;0;;FAUX;FAUX;FAUX;FAUX;FAUX;VRAI;FAUX;VRAI;FAUX;;envoyer mail et non fax pour les factures de renouvellement
PICHET D'ETAIN;158 Grande Rue;93250;VILLEMOMBLE;01 49 35 18 75;01 49 35 18 75;28;42;56;;VRAI;FAUX;VRAI;VRAI;FAUX;VRAI;FAUX;VRAI;FAUX;"RER E Arr�t GAGNY 
OU BUS 121 De MAIRIE DE MONTREUIL ARRET BOULEVARD ANDRE";
HOTEL DU Globe;198 RUE ST MAUR;75010;PARIS;01 42 02 15 89;01 40 03 07 61;16,23;32,46;0;;VRAI;FAUX;VRAI;VRAI;FAUX;VRAI;FAUX;VRAI;FAUX;METRO 2 OU 11 STATION BELLEVILLE OU GONCOURT;"PAS DE RECEPTION
et toutes les chambres n'ont pas de sanitaire � l'int�rieur"
JAURES;164 rue jean jaur�s;94700;Maisons Alfort;01 43 75 56 97;01 43 75 57 06;35;28;0;;FAUX;FAUX;FAUX;FAUX;FAUX;VRAI;FAUX;VRAI;FAUX;;
Classic;2 Avenue Erable;94440;SANTENY;01 43 86 15 16;01 43 86 14 41;28;42;56;;VRAI;FAUX;VRAI;FAUX;FAUX;VRAI;FAUX;VRAI;FAUX;"RER A Gare Boissy St l�ger 
BUS 12 ou 21 ARRET LIBERATION";reception ouverte 24h/24
RESIDENCE PETIT PAVILLON/LE PETIT VALMY;142 Boulevard VALMY;92700;COLOMBES;01 41 19 93 69;01 41 19 93 69;13;26;39;;VRAI;FAUX;VRAI;VRAI;FAUX;VRAI;FAUX;VRAI;FAUX;"Par METRO : Ligne 13 en direction de ASNIERES GENNEVILLIERS
Arr�t : Les COURTILLES, prendre BUS 235 direction de ""EUROPE""
Arr�t : VALMY / GAMBETTA
Par TRAIN : Ligne  42 SNCF - Drection ERMONT EAUBONNE
Arr�t : STADE - Prendre Bld de Finland � pied jusqu'au Bld Valmy.";"Visite effectuer le 08/03/2017 et �tat jug� satisfaisant:
2 QUAD TOUT COMPRIS, 2 DOUBLES + 2 TRIPLES AVEC KICHINET ET SANITAIRES COLLECTIVES"
AIR HOTEL;90 AVENUE DU 8 MAI 1945;93150;BLANC MESNIL;01 48 67 20 37;01 45 91 24 20;16;32;48;;FAUX;FAUX;FAUX;FAUX;FAUX;VRAI;FAUX;VRAI;FAUX;RER B ARRET LE BOURGET PUIS PRENDRE LE BUS 133 JUSQU'A L�ARRET PIERRE CURIE ENSUITE LE BUS 152 JUSQU'A L�ARRET DIDEROT;
BAINS;132 RUE JEAN JAURES;94400;MAISONS ALFORT;01 43 75 78 09;01 43 96 23 74;35;0;0;;FAUX;FAUX;FAUX;FAUX;FAUX;VRAI;FAUX;VRAI;FAUX;;18/04: j'ai eu monsieur souni qui indique ne pas �tre g�rant de cet h�tel, peut �tre erreur sur num�ro
HOTEL DE PARIS PANTIN;67 avenue Jean Lolive;93500;PANTIN;01 48 45 40 23;01 48 45 39 14;30;15;0;0;VRAI;FAUX;FAUX;VRAI;FAUX;VRAI;FAUX;VRAI;FAUX;"PRENDRE LE TRAM T 3b Direction porte de la chapelle 
jusqu'� l'arret porte de pantin - parc de la villette";
Mister Bed;4 rue Charlie Chaplin;77200;TORCY;01 60 05 10 50;01 60 06 56 08;87;58;0;;VRAI;FAUX;VRAI;VRAI;FAUX;VRAI;FAUX;VRAI;FAUX;;
RESIDENCE CENGIZ AUBERVILLIERS;75 avenue de la R�publique;93300;AUBERVILLIERS;;01 40 25 02 00;12,77777778;17,5;16,9354;12,365591;VRAI;FAUX;VRAI;VRAI;FAUX;VRAI;FAUX;VRAI;FAUX;Bus 170 direction St-Denis arr�t : rue des cites;
ARIM;5-13 avenue Henri Barbusse;93000;BOBIGNY;01 56 96 11 11;01 48 40 69 04;60;0;0;;FAUX;VRAI;FAUX;FAUX;FAUX;VRAI;FAUX;VRAI;FAUX;;
R�sidence Kevin 2;132 rue Oberkamph;75011;Paris;06 03 13 33 72;01 40 25 02 00;10,08;0;0;;VRAI;FAUX;VRAI;VRAI;FAUX;VRAI;FAUX;VRAI;FAUX;;
R�sidence du Landy;150 rue Landy;93210;SAINT DENIS;01 47 93 56 11;01 47 93 76 65;12,5;25;37,5;50;VRAI;FAUX;VRAI;VRAI;FAUX;VRAI;FAUX;VRAI;FAUX;;
H�tel de la Reine;156 route de la reine;92100;BOULOGNE BILLANCOURT;;01 46 03 60 09;15;45;60;75;VRAI;VRAI;FAUX;VRAI;FAUX;FAUX;VRAI;FAUX;VRAI;"LIGNE 10 DIRECTION BOULOGNE BILLANCOURT PONT DE SAINT CLOUD TERMINUS
PRENDRE LA SORTIE EST SUR L'AVENUE DU MARECHAL DE LATTRE DE TASSIGNY";Tarif accommodation pass� � 15� � compter du 01/09/11
HOTEL ROYAL PANTIN;29 avenue du G�n�ral Leclerc;93500;PANTIN;01 41 71 33 71;01 48 45 41 73;40;20;16,6666;30;VRAI;FAUX;VRAI;VRAI;FAUX;VRAI;FAUX;VRAI;FAUX;"tram 3b direction porte de la chapelle
jusqu'� delphine seyrig
puis 1 min � pieds";"M; ALI"
EGG HOTEL;1 avenue Alexei Leonov;93270;SEVRAN;01 43 84 43 96;;45;15;;;FAUX;VRAI;FAUX;FAUX;FAUX;VRAI;FAUX;VRAI;FAUX;<div>Par RER B : Station Sevran Beaudotte, ensuite � 3 mn � pied</div>;"Etablissement g�r� par un couple : Mme CORSEV Tatiama (0610181353) et Mr FRUCHARD Julien (0628702964)
Ouverture : 6h 11h 17h-21"
FORMULE 1 AULNAY-SOUS-BOIS;Rue Robert Br�mond;93600;AULNAY SOUS BOIS;08 91 70 51 68;;17,5;35;0;;FAUX;VRAI;FAUX;FAUX;FAUX;FAUX;VRAI;FAUX;VRAI;;
HOTEL CONFORT PARIS;3 rue Lagille;75018;PARIS;;01 40 25 02 00;29;14,5;0;;VRAI;FAUX;VRAI;VRAI;FAUX;VRAI;FAUX;FAUX;VRAI;"M�tro ligne 13 direction : Saint-Denis Universit� 
descendre � l'arret : Guy Moquet
Puis � 6 min � pieds";G�rant Mr CENGIZ comme pour les r�sidences CENGIZ
RESIDENCE AVENIR;88 rue de l'avenir;93240;STAINS;09 52 77 64 66;01 39 93 76 45;25;12,5;0;0;VRAI;FAUX;VRAI;VRAI;FAUX;VRAI;FAUX;VRAI;FAUX;"M�tro ligne 13  Saint Denis Universit� (terminus) et prendre bus 255 jusqu'� l'arr�t ""terminus pr�voyant"" la r�sidence se trouve � 100 m�tres.";"Pavillon avec une entr�e principale 2 chambres au RDC et deux studios au 1er 
2 chambres au RDVC partage toilette et cuisine  ensemble
M SERHIR : 06 02 13 97 94"
HOTEL ESPOIR ASNIERES;9 Boulevard Voltaire;92600;ASNIERES;01 47 93 16 02;01 47 90 23 86;30;15;12;;FAUX;VRAI;FAUX;FAUX;VRAI;VRAI;FAUX;VRAI;FAUX;"M�tro Ligne 13 direction : Asnieres Gennevilliers 
Jusqu'� l'arr�t Gabriel Peri 
Prendre la direction Nord-Est sur Rue d'Alembert ,Tourner � droite sur Rue des Bas
Arriv�e sur Rue des Bas,Contourner par la droite,Arriv�e sur Boulevard Voltaire";
AUX TROIS RUES;90  Rue de la Crois Nivert;75015;PARIS;01 47 37 73 33;01 47 37 73 33;15;30;45;;VRAI;FAUX;FAUX;VRAI;FAUX;FAUX;VRAI;VRAI;FAUX;;
RESIDENCE PICHET D'ETAIN;158 Grande Rue;93250;VILLEMOMBLE;01 49 35 18 75;01 49 35 18 75;42;56;0;;VRAI;FAUX;VRAI;VRAI;FAUX;VRAI;FAUX;VRAI;FAUX;;
LES VOYAGEURS;2 BOULEVARD DE LA REPUBLIQUE;93130;NOISY LE SEC;01 48 43 76 47;01 42 71 83 00;16;32;48;;VRAI;FAUX;FAUX;FAUX;FAUX;FAUX;VRAI;VRAI;VRAI;RER E NOISY LE SEC TERMINUS EN FACE DE LA GARE A 50 Metres;
RESIDENCE ESPOIR CLICHY;09 rue Henri Barbusse;92110;CLICHY;01 47 93 16 02;01 47 90 23 86;30;15;12;;VRAI;FAUX;VRAI;VRAI;FAUX;VRAI;FAUX;VRAI;FAUX;"SNCF Saint Lazare Ligne L direction Nanterre Universit�
Jusqu'� l'arr�t : Clichy Levallois
Puis 7 min � pieds";
HOTEL MK;1 AVENUE GALLIENI;93130;NOISY LE SEC;;09 57 31 80 64;13,333;26,66;12,905;25,81;VRAI;FAUX;FAUX;VRAI;FAUX;FAUX;VRAI;FAUX;VRAI;RER E NOISY LE SEC TERMINUS;
H�tel de la Poste;39 rue gallieni;92600;ASNI�RES SUR SEINE;01 47 93 56 11;01 47 93 76 65;28;14;14;;VRAI;FAUX;FAUX;VRAI;VRAI;FAUX;VRAI;FAUX;VRAI;Arr�t SNCF Asni�res Sur Seine ou 5mn de la gare de st lazare avec le transcilien ou bus 175 arret mairie asniere;
DU CARRE;525 AVENUE ANDRE AMPERE;77550;MOISSY CRAMAYEL;01 64 88 79 01;01 64 43 84 49;30;34,98;0;0;FAUX;VRAI;VRAI;FAUX;FAUX;FAUX;VRAI;FAUX;VRAI;RER D ARRET LIEU SAINT MOISSY;contact@hotelducarre.fr
ETAP VIRY CHATILLON;39-42 AVENUE DU PRESIDENT KENNEDY;91170;VIRY CHATILLON;08 92 68 31 96;01 69 44 21 04;42;14;10;;FAUX;VRAI;FAUX;FAUX;FAUX;VRAI;FAUX;VRAI;FAUX;RER C VITY CHATILLON BUS DM05 DIRECTION HOPITAL HENRI MAHNES ARRET: POIRIER PICQUET;
ESCALE;15 RUE PIERRE ET MARIE CURIE;91550;PARAY VIEILLE POSTE;01 69 38 60 56;01 69 38 13 23;30;32;15;;FAUX;FAUX;FAUX;FAUX;VRAI;VRAI;FAUX;VRAI;FAUX;RER C STATION JUVISY ENSUITE PRENDRE LE BUS 285 Arr�t: Aristide Briand;
RESIDENCE MAGISTERE;98-100 AVENUE DU MARECHAL DE LATTRE DE TASSIGNY;94000;CRETEIL;01 49 81 13 13;01 49 81 13 14;60;39;15;13;VRAI;FAUX;VRAI;VRAI;FAUX;VRAI;FAUX;VRAI;FAUX;RER D OU METRO LIGNE 8 DIRECTION: CRETEIL PREFECTURE (HOTEL DE VILLE) Arret : Maison ALFORT LES JULIOTTES;
HOTEL PANIER FLEURI;2 AVENUE DE BRY;94170;LE PERREUX SUR MARNE;07 87 20 33 12;01 48 66 15 71;30;15;0;0;FAUX;VRAI;FAUX;FAUX;VRAI;FAUX;VRAI;FAUX;VRAI;"<div>RER E ARRET NOGENT LE PERREUX PUIS 09 MINUTES A PIED OU PRENDRE LE BUS 120 EN DIRECTION DE mairie de Noisy Le Grand jusqu'� LES PARCLAIRS OU PRENDRE LE BUS 317 DIRECTION HOTEL DE VILLE DE CRETEIL JUSQU'� L'ARRET VIADUC. </div>

<div>&nbsp;</div>";"Ancien contact 07 69 86 99 05
06 71 99 05 58 MR IDIR Omar omar-idir@hotmail.fr
07 87 20 33 12 MR IDIR ISMAIL : is-idir@hotmail.fr ( mail perso )"
HOTEL SPORTING;51 RUE PIERRE ET MARIE CURIE;91170;VIRY CHATILLON;01 69 24 17 68;01 69 56 00 64;29;14,5;0;0;VRAI;FAUX;FAUX;VRAI;FAUX;FAUX;VRAI;FAUX;VRAI;"RER C DIRECTION SAINT MARTIN D'ETAMPES ARRET : JUVISY SUR ORGE
BUS : DM03 DIRECTION VICTOR SCHOELCHER ARRET CAFE DES SPORTS (3�me station apr�s la gare)";
OASIS VILLENEUVE;27 RUE EMILE ZOLA;94190;VILLENEUVE SAINT GEORGES;01 43 89 06 79;;26;39;52;;VRAI;FAUX;FAUX;VRAI;FAUX;FAUX;VRAI;FAUX;VRAI;RER D DIRECTION CORBEIL ESSONES ARRET VILLENEUVE SAINT GEORGES;
HOTEL GREEN;18 AVENUE RABELAIS;94120;FONTENAY SOUS BOIS;01 48 76 21 98;01 48 76 25 96;31,3;15,65;0;0;FAUX;VRAI;FAUX;VRAI;FAUX;FAUX;VRAI;VRAI;FAUX;RER A DIRECTION NOISY LE GRAND MONT D'EST  ARRET: VAL DE FONTENAY;
AGIL;4-6 AVENUE PAUL VAILLANT COUTURIER;91550;PARAY VIEILLE POSTE;01 60 48 77 00;01 60 48 41 70;15;30;45;;FAUX;FAUX;FAUX;FAUX;VRAI;VRAI;FAUX;VRAI;FAUX;RER C ARRET JUVISY SUR ORGE BUS 285 ARRET: Paray VEILLE POSTE CENTRE COMMERCIAL;
AMBIANCE;8 RUE ANDRE CITROEN;94510;LA QUEUE EN BRIE;01 45 94 08 08;01 45 94 11 93;14;28;84;;FAUX;VRAI;FAUX;FAUX;FAUX;VRAI;FAUX;VRAI;FAUX;;
RESIDENCE ANATOLE;80 AVENUE ANATOLE France;94400;VITRY SUR SEINE;01 49 61 78 10;09 74 44 54 53;28;42;56;98;FAUX;FAUX;VRAI;VRAI;FAUX;VRAI;FAUX;VRAI;FAUX;"ligne 8 Direction Balard jusqu'� Libert�
Correspondance Liberte metro bus ratp 180: Direction Louis Aragon jusqu'� Port � l'Anglais
Allez jusqu'� 80 avenue Anatole France";
FORMULE 1 EPINAY SUR ORGE;1 C RUE CHARAINTRU;91360;EPINAY SUR ORGE;08 91 70 52 43;01 69 34 58 33;16;29;0;;FAUX;VRAI;FAUX;FAUX;FAUX;FAUX;VRAI;FAUX;VRAI;RER C ARRET PETIT VAUX;
RESIDENCE POMMIER;60 RUE POMMIERS;93500;PANTIN;;;42;56;0;;VRAI;FAUX;VRAI;VRAI;FAUX;VRAI;FAUX;FAUX;FAUX;"BUS 61 DE LA PORTE DES LILAS DIRECTION EGLISE DE PANTIN
ARRET JEAN JAURES A L'ANGLE DE LA RUE DANTON
BUS 249 ARRET LES POMMIERS";
TROIX RUES;90 RUE DE LA CROIX NIVERT;75015;PARIS;01 47 37 73 33;01 70 71 94 95;30;15;0;;FAUX;VRAI;FAUX;FAUX;FAUX;FAUX;VRAI;FAUX;VRAI;METRO 8 COMMERCE;
ETAP ANTONY;11 RUE MARCELIN BERTHELOT Z.I DU VAULORIN;92160;ANTONY;08 92 68 07 82;01 46 66 66 09;17;16;0;;FAUX;VRAI;FAUX;FAUX;FAUX;VRAI;FAUX;VRAI;FAUX;;
PREMIERE CLASSE MAUREPAS;RUE GALOIS;78310;MAUREPAS;01 30 50 78 83;01 30 62 63 52;48;0;0;;FAUX;VRAI;FAUX;FAUX;FAUX;VRAI;FAUX;VRAI;FAUX;;
SAINT MAURICE;56 ter avenue du marechal de lattre de tassigny;94410;SAINT MAURICE;01 43 68 00 22;01 43 68 77 34;15;30;10;13,75;FAUX;FAUX;FAUX;FAUX;FAUX;FAUX;FAUX;FAUX;FAUX;metro ligne 8: station charenton �cole� 400 m de l'h�tel;
HOTEL RELAIS DU PLESSIS;2,RUE Clement ADER;94420;LE PLESSIS TREVISE;01 45 76 65 69;01 45 76 73 90;30;15;0;;FAUX;FAUX;FAUX;FAUX;FAUX;VRAI;FAUX;VRAI;FAUX;"Arr�t de BUS � l'angle de l'accommodation.
BUS : 207 et 209  /  Arr�t : Coll�ge Albert CAMUS - ZA PONROY.

RER E / station : Villiers-sur-Marne-Plessis-Trevise, ensuite BUS 207 (direction : Hopital de la Queue-en-Brie)  Arr�t : Coll�ge Albert Camus - ZA Ponroy.

Compl�ment Informations :
BUS 206 : EMERAINVILLE-PONTAULT-COMBO RER / NOISY-LE-GRAND MONT D'EST RER.
Arr�t : Jean Kiffer (5 mn de marche)
BUS 207 : H�pital de la QUEUE-EN-BRIE / NOISY-LE-GRAND MONT D'EST RER.
BUS 208.b : CHAMPIGNY SAINT-MAUR RER / PLACE DE VERDUN 
Arr�t : Coll�ge Albert Camus - ZA Ponroy (� l'angle de l'h�tel)";
RESIDENCE ESPOIR PARIS 17;26 rue LANTIEZ;75017;PARIS;01 47 93 16 02;01 47 90 23 86;30;15;12;;VRAI;FAUX;VRAI;VRAI;FAUX;VRAI;FAUX;VRAI;FAUX;"M�tro Ligne 13 direction Saint Denis Universit�
Jusqu'� l'arr�t : Guy Moquet 
Puis 7 mins � pieds";
PIERRE LOTTI;110 Avenue de la R�publique;91420;MORANGIS;01 69 09 09 97;01 69 10 00 72;28;0;0;;FAUX;FAUX;FAUX;FAUX;FAUX;FAUX;FAUX;FAUX;FAUX;;
F1 AIX EN PROVENCE;RN7;13590;LE CANET DE MEYREUIL;08 91 70 51 55;04 42 58 69 43;32;0;0;;FAUX;FAUX;FAUX;FAUX;FAUX;FAUX;FAUX;FAUX;FAUX;;
LE SIROCCO;6 AV HENRI BARBUSSE;93700;DRANCY;01 48 95 29 65;01 48 30 23 88;15;30;45;60;FAUX;VRAI;VRAI;VRAI;VRAI;VRAI;VRAI;VRAI;VRAI;"<div>L'Etablissement est situ� : </div>

<div>- � 10mn (pied) de l'arr�t TRAM 1 : GASTON ROULREAU</div>

<div>- � 15mn (pied) de la station du Metro ligne 5 : BOBIGNY PABLO PICASSO</div>

<div>- � 5 mn (pied) de la station du BUS 251 : Le LIMITES</div>

<div>&nbsp;</div>";
RESIDENCE GRIGNY;3 SQUARE SURCOUF;91350;GRIGNY;01 45 94 61 61;01 45 93 32 69;14;0;0;;VRAI;FAUX;VRAI;FAUX;FAUX;VRAI;FAUX;FAUX;FAUX;;
RELAIS PINCEVENT;13/15 AVENUE DE L'HIPPODROME;94510;LA QUEUE EN BRIE;01 45 94 61 61;01 45 93 32 69;64;48;16;;FAUX;FAUX;FAUX;FAUX;VRAI;FAUX;FAUX;VRAI;FAUX;;
HOTEL OKSAR;47 RUE DE PARIS;92110;CLICHY;01 47 93 56 11;01 47 93 76 65;15;30;45;;FAUX;FAUX;FAUX;FAUX;FAUX;VRAI;FAUX;FAUX;FAUX;;
HOTEL AU BON ACCUEIL;3 RUE MAURICE COUDERCHET;94200;IVRY SUR SEINE;01 46 72 09 18;09 58 40 15 65;17,5;16,5;0;;FAUX;FAUX;FAUX;FAUX;VRAI;FAUX;VRAI;VRAI;FAUX;"BUS 125 direction Ecole Veterinaire de Maison-Alfort
Arret : MOISE-P, Galais, marche jusqu'� au 3 rue Maurice Couderchet

BUS 323 direction Ivry S/Seine Gambetta
de Hotel de Ville 
Arret : Insurrection d'Aout 1944, marche jusqu'au 3 rue Maurice Couderchet";Hotel ferme le 30 mai 2014
HOTEL MICHELET;97, Boulevard MICHELET;93130;NOISY LE SEC;01 48 48 28 61;;13,333;26,66;12,905;25,81;FAUX;FAUX;FAUX;FAUX;FAUX;FAUX;VRAI;FAUX;VRAI;RER E : STATION GARE DE NOISY LE SEC;"POSSIBILITE D'AMENER FRIGO ET MICRO ONDE

Tel MALIK locataire : 07 68 87 37 40 
Malik : 06 52 66 56 99"
RESIDENCE SUN IMMO;2, rue des CITES;93300;AUBERVILLIERS;06 64 14 43 38;;14;0;0;;VRAI;FAUX;VRAI;VRAI;FAUX;VRAI;FAUX;VRAI;FAUX;"Prendre le Tram 3b direction porte de la chapelle
jusqu�� l'arret porte de la villette - cit� des sciences et de l'industrie
puis 7 min a pieds";M. Souni propri�taire
SCI LHF;78, av President ROOSEVELT;93360;NEUILLY PLAISANCE;;;25;12,5;0;;VRAI;FAUX;VRAI;VRAI;FAUX;VRAI;FAUX;VRAI;FAUX;RER A  : Arret NEUILLY/PLAISANCE;
HOTEL CHLOROPHYLLE;63, AV Aristide BRIAND;94110;ARCUEIL;01 49 12 01 01;01 49 12 01 02;18,05;14,25;0;;VRAI;FAUX;FAUX;VRAI;FAUX;VRAI;FAUX;VRAI;FAUX;"RER B : Arret LAPLACE
5 min de marche � pied";"monsieur Kajan 
Le responsable est en cong�"
HOTEL LE GOURAYA;84 AVENUE VICTOR HUGO;93360;NEUILLY PLAISANCE;06 16 58 81 95;01 49 35 18 75;14;0;0;;FAUX;FAUX;FAUX;FAUX;FAUX;FAUX;VRAI;VRAI;FAUX;;
B&B;RUE DE SAINT-LADRE;60000;ALLONNE;08 92 78 80 10;03 44 14 62 00;62;0;0;;FAUX;VRAI;FAUX;FAUX;FAUX;VRAI;FAUX;VRAI;FAUX;;
APPART CITY ALFORVILLE;2 rue Capitaine Alfred Dreyfus;94140;ALFORTVILLE;01 41 79 79 00;01 41 79 79 01;40;13,3333;16,6666;12,5;VRAI;FAUX;VRAI;VRAI;VRAI;VRAI;FAUX;VRAI;FAUX;"rer D arr�t maison alfort /alforville rer
rer C arr�t Choisy Le Roi";
RESIDENCE IDFI;35 rue G�n�ral Leclerc;95210;SAINT GRATIEN;01 39 64 43 46;01 39 64 39 93;14,5;0;0;;FAUX;FAUX;FAUX;FAUX;VRAI;VRAI;FAUX;VRAI;FAUX;;
SCI ODESSA;81 rue ODESSA;93000;BOBIGNY;01 48 30 16 55;;15;0;0;;VRAI;FAUX;VRAI;VRAI;FAUX;VRAI;FAUX;VRAI;FAUX;;STUDIO TOUT EQUIPE
RESIDENCE CENGIZ CLICHY;15, rue Ferdinand BUISSON;92110;CLICHY;;01 40 25 02 00;0;0;0;;VRAI;FAUX;VRAI;VRAI;FAUX;FAUX;FAUX;FAUX;FAUX;;
RESIDENCE MAYA TREMBLAY;9, rue de Picardie;93290;TREMBLAY EN FRANCE;;09 55 21 22 58;0;0;14,5;0;VRAI;FAUX;VRAI;VRAI;FAUX;VRAI;FAUX;VRAI;FAUX;"RER B Direction Mitry-Claye
arret VERT GALANT";"Num�ro a appeler durant l'absence de M. MAZIG 
LE 07 62 73 50 64 (MAZIG fils)
 06 51 86 16 99 (Miriem, sa fille)
Residence tremblay studio pour une personne"
HOTEL MUSSET;10 rue Alfred de Musset;92240;MALAKOFF;01 46 55 46 77;01 79 73 87 34;16;32;48;;FAUX;FAUX;FAUX;FAUX;FAUX;VRAI;FAUX;FAUX;VRAI;"Bus 126 en direction de Porte d'Orl�ans, arr�t Pierre Larousse
Bus 295 en direction de porte d'Orl�ans, arr�t 12 f�vrier 1934
Metro ligne 13 en direction de chatillon montrouge, arr�t Malakoff-Plateau de Vanves";Uniquement des chambres doubles
ABBAYE STAR;7 Boulevard Maurice Berteaux;94210;SAINT MAUR DES FOSSES;09 54 45 27 11;01 48 86 15 54;32;16;;;VRAI;FAUX;FAUX;VRAI;FAUX;VRAI;FAUX;VRAI;FAUX;"RER A DIRECTION BOISSY ST LEGER STATION : ST MAUR CRETEIL
A ST MAUR CRETEIL RER PRENDRE LE BUS soit(306,112,TVM 111)  EN DIRECTION LE PARVIS TERMINUS";
HOTEL VILLA 27;164 Avenue Jean Jaur�s;93500;PANTIN;01 48 45 05 04;01 48 91 87 95;16;32;48;;FAUX;VRAI;FAUX;VRAI;VRAI;FAUX;VRAI;FAUX;VRAI;;"Chambres doubles : WC sur palier
Chambres triples : WC en chambre"
STAR HOTEL;17 BIS RUE JULES DAVID;93220;LES LILAS;06 68 52 55 46;01 43 63 59 05;32;16;0;;VRAI;FAUX;FAUX;VRAI;FAUX;FAUX;VRAI;FAUX;VRAI;"METRO LIGNE 11 PORTE DES LILAS.
PRENDRE LE BUS 115 en direction du Ch�teau de vincennes 
ARRET: CHASSAGNOLE
remonter la rue des fr�res Flavien puis prendre � gauche rue jules david";
SCI NARSSAL;36, av du 11 Novembre;94170;LE PERREUX SUR MARNE;06 03 92 56 24;01 42 21 44 08;12,5;0;0;;VRAI;FAUX;VRAI;VRAI;FAUX;FAUX;FAUX;VRAI;FAUX;RER E en direction de VILLIERS-SUR-MARNE : arret Nogent le Perreux S/Marne;
HOTEL PARMENTIER;3 rue Arthur Groussier;75010;PARIS;09 54 52 77 75;;0;0;0;;VRAI;FAUX;FAUX;VRAI;VRAI;VRAI;FAUX;VRAI;FAUX;M�tro L.11 : Goncourt;Il y a des chambres doubles et triples
LE MARIGNY;2,avenue du Pr�sideny Wilson;94450;LIMEIL BREVANNES;01 45 69 09 27;;16;14;32;17,12;VRAI;FAUX;VRAI;VRAI;FAUX;VRAI;FAUX;VRAI;FAUX;;
ETAP HOTEL VILLEMOMBLE;14/16, All�e du Plateau;93250;VILLEMOMBLE;08 92 68 05 71;01 48 12 22 17;43;0;0;;VRAI;FAUX;FAUX;VRAI;FAUX;VRAI;FAUX;VRAI;FAUX;;
HOTEL MUSEE DE L'AIR;10 avenue Normandie Niemen;93150;LE BLANC MESNIL;06 14 33 76 59;;30;16;15;;FAUX;VRAI;FAUX;VRAI;VRAI;FAUX;VRAI;FAUX;VRAI;<div>RER B Bourget 152 mus�e de l'Air </div>;CHANGEMENT DE GERANT : Mr ALLICH
HOTEL LE MIDI;35 Rue Sebastien Mercier;75015;PARIS;09 62 17 77 11;09 62 17 77 11;15,645;31,29;32,33;;VRAI;FAUX;VRAI;VRAI;FAUX;VRAI;FAUX;VRAI;FAUX;"ligne 10 direction Boulogne pont de st cloud station : javel andr� citr�en
DEPUIS JAVEL prendre le bus 62 en direct� de Biblioth�que Fran�ois Mitt�rand jusqu'� Convention Saint -Charles
Prendre la rue des Bergers puis � droite la rue s�bastien Mercier.";
RESIDENCE LE CH�TEAU;17, rue Louis VION;92600;ASNI�RES SUR SEINE;01 47 93 16 02;01 47 90 23 86;0;0;12;;VRAI;FAUX;VRAI;VRAI;FAUX;VRAI;FAUX;VRAI;FAUX;"M�tro Ligne 13 : direction Asni�res Gennevilliers les Courtilles
Jusqu'� l'arr�t Gabriel Peri
Puis 8 min � pieds.";
RESIDENCE MAYA VAUJOURS;117, rue d'ALSACE;93410;VAUJOURS;;09 55 21 22 58;0;0;14,5;;VRAI;FAUX;VRAI;VRAI;FAUX;VRAI;FAUX;VRAI;FAUX;"RER B DIRECTION a�roport CDG descendre arr�t Vert Galant prendre bus 642 descendre � la station Alsace

NABIL 0767735064";"appartement tout equipe
Num�ro a appeler durant l'absence de M. MAZIG 
LE 07 62 73 50 64
 06 51 86 16 99 : Miriem (Sa fille)
07 69 60 47 01 Fils MR MAZIG -"
HOTEL DE PARIS St-Denis;9 rue Daniel CASANOVA;93200;SAINT DENIS;01 48 20 07 54;01 48 20 17 83;30;15;0;;FAUX;VRAI;FAUX;FAUX;FAUX;VRAI;FAUX;FAUX;VRAI;Metro ligne 13 : arr�t St-Denis Porte de Paris;
RESIDENCE LE CH�TEAU 2;3 Bd VOLTAIRE;92600;ASNI�RES SUR SEINE;01 47 93 16 02;01 47 90 23 86;12;0;0;;VRAI;FAUX;VRAI;VRAI;FAUX;VRAI;FAUX;VRAI;FAUX;Ligne 13 descendre � Asni�res Genevilliers;
HOTEL PELLEPORT;75 rue Pelleport;75020;PARIS;01 43 61 05 97;;30;15;0;0;FAUX;FAUX;FAUX;FAUX;FAUX;VRAI;FAUX;FAUX;VRAI;m�tro ligne 3 bis, station : Pelleport;
RESIDENCE WALDECK;34 rue Waldeck;94400;VITRY SUR SEINE;06 12 04 46 15;06 62 51 26 26;0;0;14,5;;VRAI;FAUX;FAUX;VRAI;VRAI;VRAI;FAUX;VRAI;FAUX;"<div>RER C direction Massy - Palaiseau jusqu'� l'arr�t vitry sur seine &nbsp;puis 7 mins � pieds</div>";
RESIDENCE IBISCUS;21 rue Doudeauville;75018;PARIS;06 62 51 26 26;06 12 04 46 15;0;0;14,5;;VRAI;FAUX;VRAI;VRAI;FAUX;VRAI;FAUX;VRAI;FAUX;"M�tro Max Dormoy (ligne 12) � 6 mn
M�tro Ch�teau Rouge (ligne 4) � 6 mn
Gare du Nord � 15 mn � pied
Bus 65 permet de rejoindre la Gare du Nord et la Gare de Lyon et 325 � 5mn
AutoLib et v�lib � proximit�";Appartement de type F2 enti�rement meubl� et �quip�.
HOTEL DU BONHEUR;5 Impasse de la Mairie;93310;LE PR� SAINT GERVAIS;01 48 40 40 73;01 41 71 17 82;30;0;0;;VRAI;FAUX;FAUX;VRAI;FAUX;FAUX;VRAI;FAUX;VRAI;PRIM'S HOTEL triple ou quade : 80 rue de la convention 93220 la courneuve;0601769172 Yassin
HOTEL ALBERT 1 LE GRAND;5, av du G�n�ral De Gaulle;94700;MAISONS ALFORT;01 43 76 71 71;01 43 76 41 00;28;15;0;;FAUX;VRAI;FAUX;FAUX;FAUX;VRAI;FAUX;FAUX;VRAI;"Metro : Ligne 8  - Direction : Pointe du Lac.
Descendre � l'arr�t : Ecole v�t�rinaire de Maisons Alfort
L'accommodation se trouve en face du grand Rond Point.";chambre de 1 � 3 personnes
PREMIERE CLASSE LE BLANC-MESNIL;av Descartes;93150;LE BLANC MESNIL;01 48 65 44 54;01 48 65 44 45;47;0;0;;FAUX;FAUX;FAUX;FAUX;FAUX;FAUX;FAUX;VRAI;FAUX;;
MONTMARTROIS;6 bis rue du Chavalier de la Barre;75018;PARIS;01 53 41 84 40;01 42 57 02 33;32;16;15;;FAUX;FAUX;FAUX;FAUX;FAUX;FAUX;FAUX;VRAI;FAUX;;
HOTEL DES FILLETTES;4 RUE HEURTAULT;93300;AUBERVILLIERS;01 41 61 15 15;01 44 02 20 84;32,9;16,45;15,45;;FAUX;VRAI;FAUX;FAUX;VRAI;FAUX;VRAI;FAUX;VRAI;"METRO LIGNE 7  ARRET A : FORT D'AUBERVILLIERS
PUIS PRENDRE LE BUS 173 DIRECTION PORTE DE CLICHY, ARRET HEURTAULT.";
FORMULE 1 GARONOR;rue Robert BERMOND;93600;AULNAY SOUS BOIS;08 91 70 51 68;01 48 65 47 44;12,66666667;21;20;0;FAUX;VRAI;FAUX;FAUX;FAUX;VRAI;VRAI;FAUX;FAUX;;
HOTEL ARCANTIS SGH - Residence de la SEINE;51 av de Lattre de TASSIGNY;93800;EPINAY SUR SEINE;01 58 34 00 55;01 58 34 04 50;0;0;16,45;;VRAI;FAUX;VRAI;VRAI;FAUX;VRAI;FAUX;VRAI;FAUX;"Prendre le RER C direction Montigny-Beauchamp 
Descendre � l'arret : Epinay sur seine";"Studio dans l'h�tel de 3 personnes (tout � l'int�rieur) 
Chambre d'h�tel double compos� de sanitaires, TV et micro ondes collectif. 
Responsable  Mr YACINE OU MR BOUBEKER KHELFAOUI 0675861991
yacine442@hotmail.fr
b�b� facturable"
RESIDENCE PLAINE LUMIERE - SGH;26 Avenue de la metallurgie;93210;SAINT DENIS;09 81 12 20 88;;0;0;16,45;;VRAI;FAUX;VRAI;VRAI;FAUX;VRAI;FAUX;VRAI;FAUX;"M�tro ligne 12 direction d'Aubervilliers , arret : front populaire.
Puis bus n�153 (Porte de la Chapelle -  302 139 239 arret : �glise de la plaine ou arret : metallurgie";
HOTEL TOUAREGCO - GLASSY;52 Avenue de la division LECLERC;93350;LE BOURGET;07 82 73 77 61;;30;15;0;;FAUX;VRAI;FAUX;FAUX;FAUX;FAUX;VRAI;VRAI;VRAI;"<div>M�tro ligne 7 direction : La courneuve 8 mai 1945 Jusqu'� l'arr�t la courneuve 8 mai 1945 </div>

<div>Puis prendre le BUS 152 direction : Zac des Tulipes Nord Jusqu'� l'arr�t : Anizan Cavillon - H�tel de ville.</div>";"madame Aouichat : 06 14 61 14 34
Mr MENAD (gardien) : 07,55,08,05,40 
Douche, lit armoire dans la chambre  
frigo et micro-ondes en collectif."
HOTEL PIXI/ANGELUS;82 Avenue de la R�publique;93170;BAGNOLET;01 43 60 61 92;;30;15;0;;VRAI;FAUX;FAUX;FAUX;FAUX;FAUX;VRAI;VRAI;FAUX;"M�tro Ligne 3 , jusqu'au terminus GALLIENI 
Puis BUS 102 direction ROSNY-SOUS-BOIS RER, Arret : R�publique-Robespierre";M BERDOUZE
HOTEL NOUVEAU BELFORT;158, rue Jules GUESDE;92300;LEVALLOIS PERRET;;;30;15;0;;VRAI;FAUX;FAUX;VRAI;FAUX;FAUX;VRAI;VRAI;FAUX;"L'�tablissement est situ� � 10mn � pied de la station de Metro ligne 3 : Pont de Levallois.
Pour s'y rendre :
- Sortie sur la rue Anatole France
- prendre la rue perpendiculaire ""Cl�ment Bayard"", jusqu'au bout, 400m
- Tourner � gauche rue ""Rivay"" sur 60m
- Tourner � droite rue L�on Jamin sur 140m
- continuer sur la rue Collange et arriv�e sur la rue Jules Guesde.";
RESIDENCE ESPOIR PARIS 18;120 Rue Marcadet;75018;PARIS;06 83 32 08 27;;26;13;0;;FAUX;FAUX;FAUX;FAUX;FAUX;FAUX;FAUX;FAUX;FAUX;;
RESIDENCE LE RONIER;42, Sentier des Cornillons;95400;VILLIERS LE BEL;06 67 97 91 88;;26;13;0;;FAUX;VRAI;FAUX;VRAI;VRAI;VRAI;FAUX;VRAI;FAUX;"<div>RED D : arr�t Gare de Villiers Le Bel ensuite bus 268 et descendre � l'arr�t Esp�rance Julien Boursier.</div>

<div>&nbsp;</div>

<div>Ligne 13 : arr�t Saint Denis universit� puis prendre le bus 268 jusqu'� l'arr�t Esp�rance Julien Boursier.</div>";
PREMIERE CLASSE MLV - TORCY;RUE ANNE FRANCK;77200;TORCY;08 92 70 72 58;01 60 17 47 99;35,88;37,98;43,63;;FAUX;FAUX;FAUX;FAUX;FAUX;VRAI;FAUX;VRAI;FAUX;RER A, station Torcy.;
HOTEL CLEF-MONCEAU (ANCIEN OASIS);16 Rue des �coles;93300;AUBERVILLIERS;01 43 52 95 94;;30;15;0;;FAUX;VRAI;FAUX;FAUX;VRAI;VRAI;FAUX;VRAI;FAUX;"<div>Metro ligne 7, arret &quot;quatres chemins&quot;. Prendre la direction Nord-Ouest sur l'avenue de la r�publique (200m), tourner � gauche sur Rue des Ecoles (150m). BUS a proximit� : - 150, 170, 249 et 152. Arr�t : &quot;QUATRE CHEMINS&quot; - 150, 170, 249. Arr�t : &quot;HOPITAL LA ROSERAIE&quot; </div>

<div>&nbsp;</div>

<div>&nbsp;</div>";"Nouveau propri�taire Mme LEBRUSQ  06 13 65 77 12 
MR AHMED 01 43 52 95 94  du 07/09 au 13/09 .
Monsieur El Atmani est le propri�taire de l'h�tel  -
0665 58 71 97 portable du fils"
HOTEL BOULES D'OR;113  Avenue Alfortville;94600;CHOISY LE ROI;06 07 25 51 29;;27,41;26,53;13,265;13,707;VRAI;FAUX;FAUX;VRAI;FAUX;FAUX;VRAI;FAUX;VRAI;"METRO 8 : Direction Pointe du lac jusqu'� l'arret Ecole V�t�rinaire.
BUS 103 (De : Ecole Veterinaire de Maisons-Alfort, � : Georges Halgoult ou Rungis). 
Arr�t : Mesanges (face H�tel).";Alain l'employ� de Mr Madouri
HOTEL PARTHENON;3, route de LONGJUMEAU;91380;CHILLY MAZARIN;01 60 13 87 00;01 60 13 87 07;15;35;0;;FAUX;VRAI;FAUX;FAUX;FAUX;VRAI;FAUX;VRAI;FAUX;;
HOTEL CARTHAGE;10 rue POULET;75018;PARIS;01 46 06 27 03;01 46 06 27 03;30;15;0;;FAUX;FAUX;FAUX;FAUX;FAUX;FAUX;VRAI;FAUX;VRAI;Metro 4 direction Porte de Clignancourt, arr�t Ch�teau rouge;Pas de micro onde ni d'espace cuisine
FORMULE 1 SAINT-DENIS CENTRE;11 avenue LELINE;93200;SAINT DENIS;08 91 70 53 77;;21;14,4;21,6;21,4;FAUX;VRAI;FAUX;FAUX;FAUX;FAUX;VRAI;FAUX;VRAI;;
FORMULE 1 SAINT-DENIS STADE;Rue de la COKERIE;93200;SAINT DENIS;08 91 70 53 68;;0;0;0;;FAUX;FAUX;FAUX;FAUX;FAUX;FAUX;VRAI;FAUX;VRAI;;
FORMULE 1 VILLEMOMBLE;8 � 12, All�e du Plateau;93250;VILLEMOMBLE;;;0;0;0;;FAUX;VRAI;FAUX;FAUX;FAUX;FAUX;VRAI;FAUX;VRAI;;
FORMULE 1 BAGNOLET;"290-302, Rue Etienne Marcel
ZAC Eug�ne Barlain";93170;BAGNOLET;08 91 70 53 49;;0;0;0;;FAUX;FAUX;FAUX;FAUX;FAUX;FAUX;FAUX;FAUX;FAUX;;
RESIDENCE ILEANA;18 RUE PIERRE SEMARD;93130;NOISY LE SEC;07 68 87 37 40;;14,5;0;0;;VRAI;FAUX;VRAI;VRAI;FAUX;VRAI;FAUX;VRAI;FAUX;"<div>Prendre RER E Noisy Le Sec ensuite bus 105 ou 143 d�pose juste en face de l'h�tel.</div>

<div>&nbsp;</div>

<div>M AHMED : 07 68 87 37 40 </div>";Malik : 06 52 66 56 99
BIS HOTEL ROYAL LIVRY;85 bd Roger Salengro;93190;LIVRY GARGAN;01 43 08 39 28;;32;16;0;;FAUX;VRAI;FAUX;FAUX;FAUX;FAUX;VRAI;FAUX;VRAI;RER E : le Raincy Villemomble, bus 601 arr�t ROGER SALEMGRO;ERREUR PLACEMENT HOTEL POINT DU JOUR DEVIENS BIS HOTEL ROYAL LIVRY
HOTEL SAINT BERNARD;12 rue MYHRA;75018;PARIS;01 46 06 42 06;;30;15;0;;VRAI;VRAI;VRAI;VRAI;VRAI;FAUX;VRAI;FAUX;VRAI;"M�tro 2 direction Porte Dauphine (marechal de Lattre de Tassigny)
Jusqu'� la Chapelle
Puis 9 min � pied";
HOTEL LE MALIBU;12 RUE FRANCIS DE PRESSENSE;92800;PUTEAUX;01 42 04 79 83;01 42 04 58 69;30;15;0;;FAUX;VRAI;FAUX;VRAI;VRAI;FAUX;VRAI;FAUX;VRAI;DE LA DEFENSE PRENDRE, LE BUS 144 JUSQU�� L'ARRET PRESSENSE;chambres double et triple
RESIDENCE LA PERLE;3 Boulevard Pasteur;93120;LA COURNEUVE;09 81 61 27 26;06 61 25 07 18;15,5;0;0;;FAUX;FAUX;FAUX;FAUX;VRAI;VRAI;FAUX;VRAI;FAUX;Prendre le RER E;chambres de 4, 5 ou 6 personnes
HOTEL RELAIS BLEUS DE GONESSE;7 Route de l'Europe;95500;GONESSE;01 39 87 36 66;01 39 87 34 70;30;15;0;;FAUX;FAUX;FAUX;FAUX;VRAI;VRAI;FAUX;VRAI;FAUX;"Gare RER D arr�t Villiers Le Bel (terminus)
Bus 22 direction Roissy RER descendre � l'arr�t Lenine (peu de passage de bus)";G�rante Madame JIVANJI
RESIDENCE LMP HONORE;81 Rue Th�odore Honor�;94130;NOGENT SUR MARNE;06 14 45 49 92;;0;13;0;;VRAI;FAUX;VRAI;VRAI;FAUX;VRAI;FAUX;VRAI;FAUX;;
HOTEL ACOSTAIR BLEU;184 Avenue du 8 Mai 1945;93150;LE BLANC MESNIL;06 26 03 93 70;;30;15;0;;VRAI;FAUX;FAUX;VRAI;FAUX;VRAI;FAUX;VRAI;FAUX;"RER B jusqu�� l'arret LE BOURGET
Puis bus 152 jusqu�� l'arret LENINE
L'h�tel se trouve en face";Mr BEN OUAZZOU
RESIDENCE CEYCIL PASTEUR;9 rue PASTEUR;94130;NOGENT SUR MARNE;06 14 45 49 92;;13;26;0;;FAUX;FAUX;VRAI;FAUX;FAUX;VRAI;FAUX;VRAI;FAUX;;STUDIO DU 6 ETEGAGE NOUS NE TRAVAILLONS PLUS AVEC LUI
HOTEL DE PARIS 18�me;29 Rue des Poissonniers;75018;PARIS;01 46 06 39 60;09 63 28 80 70;30;15;0;;VRAI;FAUX;VRAI;FAUX;FAUX;FAUX;VRAI;FAUX;VRAI;Ligne 4 arr�t Ch�teau Rouge;HOTEL ANCIEN.
RESIDENCE CEYCIL ALFORTVILLE;16 Boulevard Carnot;94140;ALFORTVILLE;06 14 45 49 92;;13;0;0;;FAUX;FAUX;VRAI;FAUX;FAUX;VRAI;FAUX;VRAI;FAUX;;nous ne travaillons plus avec lui
HOTEL AZEM LIBERTE;7 Rue Jules Genovesi;93200;SAINT DENIS;01 48 20 04 75;;30;15;0;;VRAI;FAUX;VRAI;VRAI;FAUX;VRAI;FAUX;VRAI;FAUX;"<div>M�tro 13 direction SAINT DENIS UNIVERSITE &nbsp;Arret carrefour pleyel puis 10 min � pieds -</div>";Mr. SIGIC
HOTEL CAFE DE LA POSTE GONESSE;1, avenue Raymond REMBERT;95500;GONESSE;06 83 68 03 51;;28;14;0;;VRAI;FAUX;FAUX;VRAI;FAUX;FAUX;VRAI;FAUX;VRAI;"RER D arr�t villiers Le Bel 
5 min � pied";G�rant : Monsieur MASSI
HOTEL PAJOL;26 rue Pajol;75018;PARIS;01 46 07 37 07;;31;15,5;30;;FAUX;FAUX;VRAI;FAUX;FAUX;VRAI;FAUX;VRAI;FAUX;"Metro Marx Dormoy sur la ligne 12
Contacter avant : Mr BOULAHAL pour rendez-vous";assistante 0143008070
HOTEL DES 2 GARES;86 bis rue Raoul DAUTRY;95120;ERMONT;01 34 15 67 47;;14,5;29;0;;VRAI;FAUX;FAUX;VRAI;FAUX;VRAI;FAUX;VRAI;FAUX;"Prendre Ligne H de Gare du Nord

Mr KACHER";
HOTEL CLAIRAULT;30 RUE CLAIRAULT;75017;PARIS;01 46 27 48 00;01 42 28 33 95;15;30;0;;FAUX;FAUX;FAUX;FAUX;FAUX;FAUX;FAUX;FAUX;FAUX;;
HOTEL LE TERMINUS;39, rue du Pont de Creteil;94210;SAINT MAUR DES FOSSES;01 45 11 28 54;;30;15;0;;FAUX;FAUX;VRAI;VRAI;FAUX;VRAI;FAUX;VRAI;FAUX;"<div>La personne � contacter: Mme hamadouche RER A: DIRECTION BOISSY SAINT LEGER STATION: SAINT MAUR CRETEIL EN FACE DE LA SORTIE DU RER</div>

<div>&nbsp;</div>

<div>Chbre 5</div>";Studio avec deux lits indiv. Installation d'une tv en cours.Table disponible dans le studio
CHOISY HOTEL;74 AVENUE DE LA REPUBLIQUE;94600;CHOISY LE ROI;01 48 84 72 00;;30;15;0;;VRAI;FAUX;FAUX;VRAI;FAUX;FAUX;VRAI;VRAI;FAUX;La personne � contacter : Mr AMARA;"Les WC sont sur le pallier en face de la chambre;
La chambre est �quip�e d'une tv"
HOTEL LE COQ HARDI;91 AVENUE PIERRE BROSSOLETTE;92120;MONTROUGE;01 42 53 15 20;;30;0;0;;FAUX;FAUX;FAUX;VRAI;FAUX;VRAI;FAUX;VRAI;FAUX;"<div>BUS : 194 / 295 &nbsp;metro ligne 4 mairie de montrouge</div>";
HOTEL LE RIAD;77, bd Galleni;92130;ISSY L�S MOULINEAUX;01 46 42 26 06;;15;0;0;;FAUX;FAUX;FAUX;FAUX;VRAI;FAUX;VRAI;FAUX;FAUX;"BUS 123 OU 190 STATION BOURGAIN GENERALE GALLIENI (149m)
METRO L12 MAIRIE D'ISSY";"- Draps changer tous les 15 jours
- Possibilit� d'apporter frigo et tv
- Produits de nettoyage � disposition
- CHAMBRE DOUBLE TARIF 15E"
HOTEL LES 2 GARES 17eme;2 PASSAGE PETIT CERF;75017;PARIS;06 78 66 09 78;;15;30;45;;FAUX;FAUX;FAUX;FAUX;FAUX;FAUX;FAUX;FAUX;FAUX;"METRO L13 ARRET PORTE DE CLICHY 
5 MIN A PIED";GERANT MR RABAH
RESIDENCE MG;6 ALLEE DES ACACIAS;93130;NOISY LE SEC;06 27 80 10 58;;13;0;0;;VRAI;FAUX;VRAI;FAUX;FAUX;VRAI;VRAI;VRAI;FAUX;<div>RER E NOISY LE SEC BUS 105 piscine de Noisy le Sec NOISY LE SEC ( 70m2)</div>;Monsieur GAMRI,
SEVERINE;9 RUE SEVERINE;93400;SAINT OUEN;07 52 18 71 83;06 58 30 78 65;0;0;0;;VRAI;FAUX;FAUX;VRAI;VRAI;FAUX;VRAI;FAUX;VRAI;"Metro Ligne 13 / Arr�t : Carrefour Pleyel ou Mairie de Saint-Ouen (� 5 mn � pied)
BUS : 173 / Arr�t / LANDY-ORNANO.";"n� du gardien 0752187183
Mr BOUZINA- GERANT 06 58 30 78 65"
RESIDENCE CEYCIL BELVAUX;6 PLACE ROBERT BELVEAUX;94170;LE PERREUX SUR MARNE;06 14 45 49 92;;13;26;0;;VRAI;FAUX;VRAI;VRAI;FAUX;VRAI;FAUX;VRAI;FAUX;RER E NOGENT LE PERREUX;nous ne travaillons plus avec lui
RESIDENCE FUTUR IMMO;63 AV de La division LECLERC;93700;DRANCY;06 50 46 45 54;;13;0;0;;VRAI;FAUX;VRAI;VRAI;FAUX;VRAI;FAUX;VRAI;FAUX;De la Gare RER B de DRANCY : prendre � gauche sur chemin lat�ral (60m), prendre � droite sur av Pasteur (250m) et ensuite � droite sur avenue de la Division Leclerc (28m).;
HOTEL LE LUTECE;16, avenue du Cimeti�re Parisien;93500;PANTIN;01 49 42 91 86;;13;26;0;;FAUX;FAUX;FAUX;FAUX;FAUX;FAUX;VRAI;FAUX;VRAI;"<div>BUS 152 &nbsp;/ Arr�t : CIMETIERE PARISIEN METRO 7 / Arr�t &nbsp;&nbsp;: QUATRE CHEMINS </div>";"PORTABLE 07 79 82 72 76 
Mme Mezani"
HOTEL DE LA PAIX;11 RUE ARMAND CARREL;93100;MONTREUIL;01 73 55 21 72;01 73 55 21 72;15;30;0;;FAUX;FAUX;FAUX;FAUX;FAUX;FAUX;VRAI;FAUX;VRAI;"<div>METRO Ligne 9 &nbsp;Arr�t : ROBESPIERRE ou PORTE DE MONTREUIL La rue Armand Carrel est Perpendiculaire � la rue de Paris &nbsp;(� cot� du Centre Commercial Carrefour) .</div>";"demi-pension tarif le plat est � 9� 
DOUBLE 32� 
TRIPLE 48�"
HOTEL LE ROCHER;2 ALLEE DU ROCHER;93190;LIVRY GARGAN;01 43 02 55 70;;13,5;27;0;;FAUX;FAUX;FAUX;FAUX;FAUX;FAUX;VRAI;FAUX;VRAI;"RER E / ARRET : LE RAINCY VILLEMONBLE 
BUS 601 / ARRET : SALENGRO";
RESIDENCE LMTA;18-20 Rue de VITRY;93100;MONTREUIL;06 30 85 43 25;;13;0;0;;VRAI;FAUX;VRAI;VRAI;FAUX;FAUX;FAUX;VRAI;FAUX;Mairie de montreuil ligne 9 et Bus 122 en directionn de VAL DE FONTENAY et descendre � l'arret EUGENE VARLIN,;25 m carr�s
HOTEL QUINTA DA VINHA;79 AVENUE DE CHOISY;94190;VILLENEUVE SAINT GEORGES;01 43 82 67 08;;16;8;0;;FAUX;VRAI;FAUX;FAUX;FAUX;VRAI;FAUX;VRAI;FAUX;;CHAMBRE 500/MOIS SINGLE
RESIDENCE BOUDISSA;1 ALLEE DE LA CHAPELLE;93390;CLICHY SOUS BOIS;06 99 86 55 70;;0;0;0;;FAUX;FAUX;VRAI;FAUX;FAUX;VRAI;FAUX;VRAI;FAUX;"RER E : arr�t ""le Raincy Villemonble""
bus 602B direction Stade
Arr�t : Chavannes
Juste en face de l'h�tel";
RESIDENCE DJOUARD;1, All�e Guy DEBORD;93300;AUBERVILLIERS;06 99 71 77 00;;26;13;0;;VRAI;FAUX;VRAI;VRAI;FAUX;VRAI;FAUX;VRAI;FAUX;"La r�sidence est situ� derri�re le centre commercial ""Le MILLENAIRE"" � la Porte d'Aubervilliers.
 Acc�s Tramway T3b, arr�t Porte d'aubervilliers. 
Marcher vers l'av de la Porte d'Aubervilliers, ensuite rue Madeleine Vionnet et tourner � droite rue Louis Girard.";
RESIDENCE CH NAW;3 All�e Guy DEBORD;93300;AUBERVILLIERS;06 99 71 77 00;;26;13;0;;VRAI;FAUX;VRAI;VRAI;FAUX;VRAI;FAUX;VRAI;FAUX;"La r�sidence est situ� derri�re le Centre Commercial ""Le MILLENAIRE"" situ� � la Porte d'Aubervilliers.
Acc�s par Tamway T3b. Marcher vers l'avenue de la Porte d'Aubervilliers, ensuite la rue Madeleine Vionnet, tourner � droite sur la rue Louis Girard et au bout l'all�e Guy Debord.";
RESIDENCE MURAT;9 Rue Roger  Gautre;93240;STAINS;06 85 87 25 25;;26;13;13;;FAUX;FAUX;VRAI;VRAI;FAUX;VRAI;FAUX;VRAI;FAUX;;
AIR PLUS;VOIE NOUVELLES;94310;ORLY;01 41 80 75 75;01 41 80 12 12;30;15;45;;VRAI;FAUX;FAUX;VRAI;VRAI;VRAI;FAUX;VRAI;FAUX;"Par le RER C / Direction : Massy Palaiseau  / Arr�t : Les SAULES 
Prendre le BUS N� 183 / Direction : Aeroport d'Orly-Terminal Sud / Arr�t :  Parc Melies
Marcher vers la direction Est sur avenue de la Victoire (10m) et ensuite tournez � gauche sur ""Voie Nouvelles"" (5m). L'�tablissement est en face.";
HOTEL POINT DU JOUR;30, av du Capitaine GLARNER;93400;SAINT OUEN;06 46 14 14 43;01 40 11 10 97;27;13,5;13,5;;FAUX;VRAI;FAUX;VRAI;FAUX;FAUX;VRAI;VRAI;VRAI;Metro ligne 13 arret GARIBALDI ,Prendre la direction Sud sur Avenue Gabriel P�ri, Tourner � droite sur Rue Garibaldi, Tourner � droite sur Rue Raspail, Tourner � droite sur Avenue du Capitaine Glarner;"M BIDINE
06 19 44 12 40"
HOTEL DU PORT;8 RUE du PORT;92110;clichy la Garenne;06 46 14 14 43;;27;13,5;13,5;;FAUX;VRAI;FAUX;VRAI;FAUX;FAUX;VRAI;FAUX;VRAI;;
HOTEL LOUVAIN;8 RUE DE BUDAPEST;75009;PARIS;01 48 74 37 68;01 48 74 37 68;26;13;0;;FAUX;FAUX;FAUX;FAUX;FAUX;FAUX;VRAI;VRAI;FAUX;METRO ligne 3 arret saint Lazare ou RER E arret St LAZARE  sortie du metro prendre la rue AMSTERDAM 2mn a pied  prendre BUDAPEST;
RESIDENCE BM IMMO. BOURG-LA-REINE;117 Avenue du G�n�ral LECLERC;92340;BOURG LA REINE;06 62 15 55 98;;26;13;0;;VRAI;FAUX;VRAI;VRAI;FAUX;VRAI;FAUX;VRAI;FAUX;"Transport Public : RER B (direction Saint-Remy-les-Chevreuse)
Arr�t : Bourg-la-Reine
Marcher 7mn :  Prendre la rue des Blagis, tournez � droite rue Pierre Loti, tournez � droite de Faontenay et arriv�e � l'avenue du General Leclerc.";
RESIDENCE SUINDJA;2, All�e de Mars;93600;AULNAY SOUS BOIS;06 52 37 77 81;;25;12,5;0;;FAUX;VRAI;FAUX;FAUX;VRAI;FAUX;VRAI;FAUX;VRAI;"RER B - Arr�t : VILLEPINTE
RER B - Arr�t : AULNAY-SOUS-BOIS
Ensuite prendre BUS : OPTILE 615 ou 617
Arr�t : SATURNE";
RESIDENCE CEYCIL DE GAULLE;218 avenue du g�n�ral de Gaulle;94170;LE PERREUX SUR MARNE;06 14 45 49 92;;0;0;0;;FAUX;FAUX;FAUX;FAUX;FAUX;FAUX;FAUX;FAUX;FAUX;"RER A : direction  Marne-la-vall�e Chessy jusqu'� Val de Fontenay
puis 14 min � pieds.";nous ne travaillons plus avec lui
RESIDENCE HANI - EDOUARD VAILLANT;78 Boulevard Edouard Vaillant;93300;AUBERVILLIERS;06 09 17 34 02;;13;0;0;;VRAI;FAUX;VRAI;VRAI;FAUX;VRAI;FAUX;VRAI;FAUX;"Metro 7 : Fort d'Aubervilliers
Prendre direction Ouest vers l'avenue Jean Jaur�s/N2 et tourner � droite (250m)
Tourner � gauche sur la rue Hel�ne Cochennec
Continuer tout droit jusqu'au Bld Edouard Vaillant";Appt Code 61#42
RESIDENCE HANI - REPUBLIQUE;10 Avenue de la r�publique;93300;AUBERVILLIERS;06 09 17 34 02;;13;0;0;;VRAI;FAUX;VRAI;VRAI;FAUX;VRAI;FAUX;VRAI;FAUX;"Metro : ligne 7 (4 chemins)
Ensuite prendre BUS 150. Direction Gare de Pierrefitte-Stains RER
Arr�t : Andr� Karman 
marcher (3mn) jusq'au 10 de l'avenue r�publique";"Digicode ; 61728"
RESIDENCE BOUHLAL;50 rue Marx Dormoy;75018;PARIS;01 46 07 37 07;;0;0;0;;FAUX;FAUX;FAUX;FAUX;FAUX;FAUX;FAUX;FAUX;FAUX;"Metro 12 dir direction Mairie d'Issy
jusqu�� Marx-Dormoy
puis 6 min � pied";01 43 00 80 70 Marie Jo /
HOTEL DE LA GARE;15 avenue Francis De Pressens�;93350;LE BOURGET;06 36 55 77 95;06 49 69 15 32;30;15;15;;VRAI;FAUX;FAUX;VRAI;FAUX;VRAI;VRAI;VRAI;VRAI;"<div>En face de la gare RER B de BOURGET (l'accueil est � la Brasserie, juste en dessous)</div>

<div>&nbsp;</div>";"06 36 55 77 95 G�rant Mr Ouatmani fils
hotedelagare93@gmail.com"
FORMULE 1 SAVIGNY VILLEMOISSON;Route D257;91600;SAVIGNY SUR ORGE;08 91 70 53 92;;0;0;0;;FAUX;VRAI;FAUX;FAUX;FAUX;FAUX;VRAI;FAUX;VRAI;;
RESIDENCE AUBER - BUISSON;37 Rue du Buisson;93300;AUBERVILLIERS;06 13 52 90 60;06 12 66 58 66;26;13;0;;VRAI;FAUX;VRAI;VRAI;FAUX;VRAI;FAUX;VRAI;FAUX;"<div>Metro ligne 7 : Fort d'Aubervilliers</div>

<div>&nbsp;</div>";
RESIDENCE MECHIN - FREINVILLE;20 RUE FREINVILLE;93600;AULNAY SOUS BOIS;06 13 52 90 60;;26;13;0;;VRAI;FAUX;VRAI;VRAI;FAUX;VRAI;FAUX;VRAI;FAUX;"<div>A partir de la Gare RER de Bondy : &nbsp;prendre le TRAM T4 en direction d'Aulnay-sous-Bois. Arr�t : Gare de l'Abbaye et ensuite marcher 5mn.</div>

<div>&nbsp;</div>

<div>Mme rabhi accepte de garder les famille sauf si il y a des enfants non facturable </div>";Mme RABHI : 06 12 66 58 66
RESIDENCE MECHIN - LEON;3 RUE LEON;93600;AULNAY SOUS BOIS;06 13 52 90 60;;26;13;0;;VRAI;FAUX;VRAI;VRAI;FAUX;VRAI;FAUX;VRAI;FAUX;"RER B : DIRECTION ROISSY - Arr�t : SEVRAN BEAUDOTTE, puis prendre BUS 44 - Arr�t : Matisse de la Croix (marcher 5mn)
AUTRES BUS : 610 / 615 / 617 - Arr�t :";
HOTEL AUX PYRENEES;131, avenue Aristide BRIAND;94110;ARCUEIL;06 14 54 19 80;;25;15;0;;VRAI;FAUX;FAUX;VRAI;FAUX;FAUX;VRAI;VRAI;FAUX;"Metro ligne 4 / Arr�t : Mairie de Montrouge
Au rond Point : prendre rue Louis Rolland et marcher jusqu'� l'avenue Arsitide Briand (10mn).";
RESIDENCE JUMA;113 Avenue de Saint-Ouen;75017;PARIS;07 81 93 64 06;;0;0;0;;FAUX;FAUX;FAUX;FAUX;FAUX;FAUX;FAUX;FAUX;FAUX;M�tro 13: arr�t GUY MOQUET et  5 min � PIEDS;
HOTEL RELAIS DE NOISY LE GRAND;11, rue Marx Dormoy;93160;NOISY LE GRAND;01 45 76 65 69;01 45 76 73 90;15;0;0;;FAUX;FAUX;VRAI;FAUX;FAUX;VRAI;FAUX;VRAI;FAUX;RER A: arr�t Bry-sur-Marne  : Prendre la direction Nord sur Avenue �tienne de Silhouette ,Tourner � droite sur Boulevard du G�n�ral Gallieni et Tourner � gauche sur Rue Marx Dormoy;"Mr DINEGRO
mail : multi-progestion@orange.fr"
HOTEL LE RELAIS DU PAVE;9, route Nationale 4;77340;PONTAULT COMBAULT;01 60 28 95 96;01 64 43 94 09;0;0;0;;FAUX;VRAI;FAUX;FAUX;VRAI;VRAI;FAUX;VRAI;FAUX;"RER E / Direction TOURNANT
Arr�t : Emerainville Pontault-Combault
Prendre BUS 206 / Direction Noisy-le-Grand Mont D'est.
Arr�t : Hotel de Ville de Pontault-Combault (2mn)";"Dans les chambres il y a une TV, friogo, micro-ondes, sanitaires � l'int�rieur et cuisine collective. 
Responsable : Mme AOUCHICHE"
RESIDENCE RYNA CHARCOT;10 rue du Docteur Charcot;93130;NOISY LE SEC;06 20 48 52 57;;0;0;0;;FAUX;FAUX;FAUX;FAUX;FAUX;FAUX;FAUX;FAUX;FAUX;;"En cas d'urgence contacter l'�pouse de monsieur MOKRANE si il ne r�pond pas au : 0603870275
et l'adresse mail � contacter est virginie.bailleul@noisylesec.fr
Mr MOKRANE .
Fr�re de monsieur MOKRANE  : 06 63 87 19 88 ."
HOTEL MONTMARTRE;97 rue myrha;75018;Paris;01 46 06 07 71;;0;0;0;;FAUX;FAUX;FAUX;FAUX;FAUX;FAUX;VRAI;FAUX;VRAI;M�tro : Ch�teau rouge Ligne 4;
RESIDENCE HANI - FERRAGUS;7, rue Ferragus;93300;AUBERVILLIERS;06 09 17 34 02;;13;0;0;;VRAI;FAUX;VRAI;VRAI;FAUX;VRAI;FAUX;VRAI;FAUX;"Metro 7 : Aubervilliers 4 Chemins
Prendre BUS 170 / Arr�t : Mairie d'Aubervilliers
ou � pied prendre l'avenue de la r�publique jusqu'� la Mairie d'Aubervilliers
l'etablissement est au dessus de la Brasserie ""Le Chien qui Fume"".";
RESIDENCE SCI EBOSSE;56, rue Pajol;75018;PARIS;06 51 88 69 34;;13;0;0;;VRAI;FAUX;VRAI;VRAI;FAUX;VRAI;FAUX;VRAI;FAUX;"Metro ligne 12 : Station Max Dormoy
visite sur rendez-vous, contacter M. BOUHLAL";Secr�taire de monsieur BOULLAL 01 43 00 80 70
RESIDENCE SCI TOMALEX;209, rue de Meaux;93410;VAUJOURS;06 30 85 43 25;;26;13;39;;VRAI;FAUX;VRAI;VRAI;FAUX;VRAI;FAUX;FAUX;FAUX;"Gare RER de VILLEPINTE prendre le BUS 642
direction : Gared du Chenay GAGNY
Arret : Henri IV (marcher 5 mn)";
L'ETOILE;45, rue Victor Hugo;92240;MALAKOFF;01 71 17 75 99;;0;0;0;;FAUX;FAUX;FAUX;FAUX;FAUX;FAUX;FAUX;FAUX;FAUX;;G�rant de l'�tablissement M. LATRECHE
RESIDENCE RYNA REPUBLIQUE;49 Boulevard de la R�publique;93130;NOISY LE SEC;06 20 48 52 57;;0;0;0;;FAUX;FAUX;FAUX;FAUX;FAUX;FAUX;FAUX;FAUX;FAUX;;"En cas d'urgence contacter l'�pouse de monsieur MOKRANE si il ne r�pond pas au : 0603870275.
et l'adresse mail � contacter est virginie.bailleul@noisylesec.fr
Fr�re de monsieur MOKRANE  : 06 63 87 19 88 ."
FORMULE 1 MARNE LA VALLEE MEAUX ESBLY;ZA de la Pierre Tourneville;77450;Isles-l�s-Villenoy;08 91 70 53 06;01 64 63 54 67;13,5;27;0;;FAUX;VRAI;FAUX;FAUX;FAUX;FAUX;VRAI;FAUX;VRAI;"Prendre le train GARE DE L'EST en direction de Meaux.
Arr�t : ESBLY - L'H�TEL est � 10mn � pied.";
RESIDENCE DAHAN;11 rue des Cailloux;92110;CLICHY;06 12 17 05 01;;0;0;0;;FAUX;FAUX;VRAI;VRAI;FAUX;VRAI;FAUX;VRAI;FAUX;M�tro : Porte de Clichy;Envoyer les lettres aux deux adresses mail
RESIDENCE LES REPUBLIQUES;79 boulevard de la R�publique;93130;NOISY LE SEC;01 48 48 28 61;;0;0;0;;FAUX;FAUX;FAUX;FAUX;FAUX;FAUX;FAUX;FAUX;FAUX;"<div>Gare RER de Noisy le Sec puis 3 mn de marche.</div>

<div>&nbsp;</div>

<div>M AHMED : 07 68 87 37 40</div>

<div>Malik : 06 52 66 56 99</div>";
HOTEL EDEN;2 rue Fran�ois Arago;93500;PANTIN;06 19 89 02 60;;0;0;0;;FAUX;FAUX;VRAI;FAUX;FAUX;FAUX;FAUX;FAUX;FAUX;<div>M�tro ligne 5 : �glise de Pantin - </div>;
HOTEL LAKANAL - LES COURONNES;05, Rue lakanal;93500;PANTIN;09 86 18 70 95;06 58 77 20 32;0;0;0;;FAUX;FAUX;FAUX;FAUX;FAUX;FAUX;FAUX;FAUX;FAUX;"M�tro ligne 5 :  arr�t �glise de pantin,Prendre la direction Est sur Avenue Jean Lolive
Tourner � gauche sur Avenue Jean Lolive,Tourner � gauche sur Rue Victor Hugo
Tourner � droite sur Rue Lakanal
M.Djoadi";
HOTEL MARYLAND;34 rue Gabriel Peri;93200;SAINT DENIS;06 26 03 93 70;;0;0;0;;VRAI;FAUX;FAUX;VRAI;FAUX;FAUX;FAUX;FAUX;FAUX;M�tro ligne 13: Arr�t PORTE DE PARIS;
RESIDENCE RIQUET;75 rue Riquet;75018;PARIS;01 46 07 37 07;;0;0;0;;VRAI;FAUX;VRAI;VRAI;FAUX;VRAI;FAUX;VRAI;FAUX;"Metro ligne 12 : Station Marx Dormoy
Sortie rue de la Chapelle, la rue Riquet est perpendiculaire � 5mn � pied.";
HOTEL RENAISSANCE GODEFROY;27 Rue Godefroy;92800;PUTEAUX;01 47 73 03 60;01 49 00 05 67;0;0;0;;FAUX;FAUX;FAUX;FAUX;FAUX;FAUX;FAUX;FAUX;FAUX;"<div>Gare de Puteaux (Direct Paris Saint-Lazare)</div>

<div>&nbsp;</div>";
CONFORT VITRY - JEAN JAURES;89 avenue Jean Jaur�s;94400;VITRY SUR SEINE;07 81 93 64 06;;0;0;0;;FAUX;FAUX;FAUX;FAUX;FAUX;FAUX;FAUX;FAUX;FAUX;;1 chambre avec sanitaire � l'interieur + kitchinette.
RESIDENCE JEAN JAURES (ANCIEN QUATRE-ROUTES);127 avenue Jean Jaures;93120;LA COURNEUVE;06 76 43 99 25;;13;26;0;;FAUX;FAUX;FAUX;FAUX;FAUX;FAUX;FAUX;FAUX;FAUX;M�tro ligne 7 : arr�t La Courneuve - 8 mai 1945;"M BARON
louis@gbam.eu"
RESIDENCE KAIM;317-327 boulevard boissiere;93110;ROSNY SOUS BOIS;06 29 83 79 74;;0;0;0;;VRAI;FAUX;VRAI;VRAI;FAUX;VRAI;FAUX;VRAI;FAUX;;MR BACHIR 06 52 20 66 99
HOTEL PYRAMIDE;245 avenue Jean Jaur�s;93300;AUBERVILLIERS;06 43 49 28 15;;0;0;0;;FAUX;FAUX;FAUX;FAUX;FAUX;FAUX;FAUX;FAUX;FAUX;"<div>M�tro ligne 7 : Fort d'Aubervilliers - </div>

<div>Mme IELPO : 06 23 54 43 12 -</div>

<div>Mme Grenier: 06 49 43 28 15 </div>

<div>&nbsp;</div>";"A la fin du mois de mars 2016 Monsieur Yalla aura �  nous proposer 12 appartements au Blanc mesnil. 
8 F3 de 62 m2, 4 F de 42 m2 (4-5 personnes)
DEMIS-PENSION IMPOSSIBLE"
HOTEL LA BARAKA;54 Rue Vouill�;75015;PARIS;06 48 78 47 49;09 72 80 86 19;0;0;0;;FAUX;FAUX;FAUX;FAUX;FAUX;FAUX;FAUX;FAUX;FAUX;<div>M�tro ligne 13 : arr�t Plaisance </div>;"MonsieurGOU est le g�rant de l'h�tel 
Dans les chambres : frigo, micro-ondes, TV, lavabo et exterieur sanitaires"
HOTEL DE LA PLAGE;43, avenue des Gr�sillons;92230;GENNEVILLIERS;01 47 33 11 73;;0;0;0;;VRAI;FAUX;FAUX;VRAI;FAUX;FAUX;VRAI;FAUX;VRAI;"L'�tablissement est situ� non loin du metro Ligne 13 - Station : Gabriel Peri.
A pied : Prendre ""rue des Bas"" direction la Seine, apr�s 5mn � gauche, l'avenue des Gr�sillons.
En BUS : N�177 - direction Zone industriel Nord / Arr�t : March� de Gennevilliers.";
R�sidence SCI NF;94 rue des Sorins;93100;MONTREUIL;07 81 93 64 06;;13;39;0;;FAUX;FAUX;FAUX;FAUX;FAUX;FAUX;FAUX;FAUX;FAUX;"<div>Metro Ligne 9 ==) direction Mairie de Montreuil</div>

<div>Arret : Croix de Chavaux &nbsp;(10 minutes � pied)</div>";1 chambre avec 2 lits twin et 1 salon avec canap�-lit pour pers.
HOTEL JAD;7 impasse Questre;75011;PARIS;01 43 57 68 26;;0;0;0;;FAUX;FAUX;FAUX;FAUX;FAUX;FAUX;FAUX;FAUX;FAUX;M�tro ligne 11 : Couronnes et M�nilmontant;"Tarif variable selon la pr�sence de sanitaires.
Chambre avec sanitaire : 27,50�/personne
Chambre sans sanitaires : 26�/personnes."
RESIDENCE CEYCIL Paris 11�me;95 rue Jean Pierre Timbaud;75011;PARIS;06 14 45 49 92;;0;0;0;;FAUX;FAUX;FAUX;FAUX;FAUX;FAUX;FAUX;FAUX;FAUX;;1 entr�� avec placard coulissant, 1 salle d'eau individuellle douche, wc, une pi�ce principale avec coin cuisine lit superpos� NOUS NE TRAVAILLONS PLSU AVEC LUI
CONFORT VITRY COQUELIN;110 rue Constant COQUELIN;94400;VITRY SUR SEINE;07 81 93 64 06;;0;0;0;;FAUX;FAUX;FAUX;FAUX;FAUX;FAUX;FAUX;FAUX;FAUX;"RER C de Saint-Michel Notre-Dame  � RER 	Ligne C	 � Direction Versailles-Chantiers
 Arr�t : Choisy-le-Roi

CHOISY-LE-ROI RER  � Bus 	Ligne 182	 � Direction MAIRIE D'IVRY-MET	
Arr�t : DOCTEUR ROUX 

DOCTEUR ROUX  � Bus	Ligne 183	 � Direction PORTE DE CHOISY
Arr�t : LES PLATRIERES";1 chambre d'h�tel compos�e d'h�tel compos�e des sanitaires � l'int�rieur, d'un frigo, micro-ondes, et d'une cuisine collective, 1 grand lit, et 1 lit superpos� + 1 lit tiroir.
RESIDENCE OLYMPE 3 -SEJOURS PLAINE LUMIERE;26 avenue de la Metallurgie;93210;SAINT DENIS;06 09 48 67 27;;16,45;0;0;;VRAI;FAUX;VRAI;VRAI;FAUX;VRAI;FAUX;VRAI;FAUX;"<div>Metro ligne : 12 - Arr�t : Front Populaire Bus : 153 (Porte de la Chapelle) - 302, 139, 239 - Arr�t : Eglise de la Plaine ou Metallurgie.</div>

<div>Mr Daniel 07 50 89 05 65</div>

<div>MR FLORENCE 06 09 48 67 27 GESTIONNAIRE </div>

<div>FIXE 01 55 95 88 87</div>";Ancien Residence Plaine Lumi�re !
RESIDENCE SCI GALLIENI 2;61, avenue Paul Vaillant Couturier;93120;LA COURNEUVE;06 09 17 34 02;;0;0;0;;VRAI;FAUX;VRAI;VRAI;FAUX;VRAI;VRAI;FAUX;FAUX;<div>Metro ligne 7 - Arr�t : La Courneuve 8 mai 45 Tramway T1 - Arr�t : La Courneuve 8 mai 45 BUS : 607, 609 et 610 - Arr�t : La Courneuve 8 mai 45 BUS : 611 - Arr�t : Cit� Gagarine </div>;MONSIEUR HANI
HOTEL LES OISEAUX;1 Rue de l'Yser;93800;EPINAY SUR SEINE;01 42 43 91 38;01 43 60 88 73;29;14,5;0;;FAUX;FAUX;FAUX;FAUX;FAUX;FAUX;FAUX;FAUX;FAUX;<div>T3 : arr�t Gare de Saint-denis et prendre le T8 (direction Epinay - Orgemont) : arr�t Blumenthal RER D: arr�t Saint-denis Ligne H: arr�t Saint-denis</div>;Appeler Madame Embarek
RESIDENCE  SCI BEN BOUDA;10 RUE JEAN MOULIN;93130;NOISY LE SEC;07 82 16 87 51;;13;0;0;;FAUX;FAUX;FAUX;FAUX;FAUX;FAUX;FAUX;FAUX;FAUX;"RER E: Arr�t Noisy-le-Sec  
            -Prendre le bus 143 (Direction ROSNY-SOUS-BOIS RER): descendre � l'arr�t 11 NOVEMBRE 1918
            -Prendre la direction Nord-Ouest sur Boulevard de la R�publique,Tourner � droite sur All�e de la Paix,Tourner � droite sur Rue Pierre Curie et Tourner � gauche sur Rue Jean Moulin.";4e �tage sans ascenseur
HOTEL DE L'AMITIE;24 rue Paul Vaillant Couturier;93120;LA COURNEUVE;06 34 45 82 07;01 48 70 03 20;0;0;0;;VRAI;FAUX;FAUX;VRAI;FAUX;FAUX;FAUX;FAUX;FAUX;<div>M�tro ligne 7 : arr�t La courneuve 8 Mai 1945 -</div>;"Madame TAGUERCIF H�teli�re -
T�l : 09 51 22 15 15

TAGUERCIF FILS: 06 29 96 07 98  /  06 23 78 35 21"
RESIDENCE LAINCER;27 ter avenue Henri Barbusse;93140;BONDY;06 68 68 45 55;;0;0;0;;FAUX;FAUX;FAUX;FAUX;FAUX;FAUX;FAUX;FAUX;FAUX;Bus num�ro 105;
R�sidence Champigny 2DP;172 av. G�n�ral De Gaulle;94500;CHAMPIGNY S/ MARNE;07 82 27 92 73;;0;0;0;;VRAI;FAUX;VRAI;VRAI;FAUX;FAUX;FAUX;VRAI;FAUX;"<div>RER A ou E : arr�t Champigny Les Boullereaux La r�sidence n'est pas tr�s loin</div>

<div>&nbsp;</div>";"Monsieur MOUHEB
2dp94500@gmail.com"
HOTEL Escale de Vaujours;23 rue de Meaux;93410;VAUJOURS;06 03 59 46 76;;0;0;0;;FAUX;FAUX;FAUX;FAUX;FAUX;FAUX;FAUX;FAUX;FAUX;"<div>REB B arr�t Vert galant et ensuite bus 642 arr�t de la Poste &nbsp;Le nom du responsable de l'h�tel est Monsieur DJEBAILI</div>

<div>&nbsp;</div>

<div>Pas de demi-pension possible mais restaurant pour �v�nements.</div>";"Mr OUARET Propri�taire - Mr Les chambres disposent de TV, douche et WC dans la chambre, frigo, micro-ondes
17/11/16 :  06 03 59 46 76 ancien num�ro qui risque de refonctionner dans 10 jours"
SCI MNL CHAMPIGNY;92 avenue Jack Gourevitch;94500;CHAMPIGNY SUR MARNE;06 67 31 87 33;;0;0;0;;VRAI;VRAI;FAUX;FAUX;FAUX;FAUX;FAUX;FAUX;FAUX;"RER A ou E : arr�t Champigny Les Boullereaux
RER A : Joinville Le Pont
Bus 106 : arr�t G�n�ral de Gaulle Stalingrad";"Le studio comporte deux pi�ces + une chambre au dessus en mezzanine et est �quip� lave linge, lave vaisselle � tout � l'int�rieur
Monsieur MOUEB"
RESIDENCE JEAN COTTIN PAJOL;16 rue Jean Cottin;75018;Paris;06 51 88 69 34;;0;0;0;;FAUX;FAUX;FAUX;FAUX;FAUX;FAUX;FAUX;FAUX;FAUX;"<div>M�tro Ligne 2 : La Chapelle - Bus 35 - Direction MAIRIE D'AUBEVILLIERS / Arr�t : PLACE HEBERT.</div>

<div>L'h�tel se trouve � 4 minutes</div>";"BATIMENT A : Code A 258
1er �tage gauche"
RESIDENCE FACILIA;2 rue de Rome;93150;LE BLANC MESNIL;06 52 17 32 57;09 50 80 76 96;0;0;0;;FAUX;FAUX;FAUX;FAUX;FAUX;FAUX;FAUX;FAUX;FAUX;"<div>RER B : Le Blanc Mesnil</div>

<div>&nbsp;</div>";"Propri�taire : monsieur YALLA 
12 appartements de F3 / 65 m2
F2 /40 m2"
RESIDENCE CHAABANE;21 avenue Charles Floquet;93150;LE BLANC MESNIL;06 50 79 03 90;;0;0;0;;FAUX;FAUX;FAUX;FAUX;FAUX;FAUX;FAUX;FAUX;FAUX;;F3
RESIDENCE CARNOT;79 rue Carnot;93130;NOISY LE SEC;;;0;0;0;;FAUX;FAUX;FAUX;FAUX;FAUX;FAUX;FAUX;FAUX;FAUX;"Desendre � la gare du RER E de Noisy Le Sec.
Prendre la rue Jean-Jaur�s en direction de la ville et tourner � gauche au troisi�me carrefour.";
RESIDENCE SCI LMM;27 rue Saint Charles;93250;VILLEMOMBLE;06 19 89 66 23;;0;0;0;;FAUX;FAUX;FAUX;FAUX;FAUX;FAUX;FAUX;FAUX;FAUX;;Responsable monsieur Grossi :
HOTEL MORAND;11 rue Morand;75011;PARIS;01 43 57 39 22;01 43 57 39 22;30;0;0;;VRAI;FAUX;FAUX;VRAI;FAUX;FAUX;FAUX;FAUX;FAUX;"<div>11 rue Morand 75011 Paris</div>

<div>M�tro Couronnes (Ligne 2) Ou m�tro Goncourt (Ligne 11) -</div>";Mr BOUDRAA 06 46 63 62 10
RESIDENCE SG & CO - CARNOT;79 rue Carnot;93130;NOISY LE SEC;06 75 75 84 45;;0;0;0;;FAUX;FAUX;FAUX;FAUX;FAUX;FAUX;FAUX;FAUX;FAUX;"Desendre � la gare du RER E de Noisy Le Sec.
Prendre la rue Jean-Jaur�s en direction de la ville et tourner � gauche au troisi�me carrefour.";
HOTEL LE REFUGE;4 av Jean Jaur�s;95340;PERSAN;06 52 17 32 57;;0;0;0;;FAUX;FAUX;FAUX;FAUX;FAUX;FAUX;FAUX;FAUX;FAUX;;
HOTEL LA MARQUISE;4 avenue Edouard Vaillant;93500;PANTIN;06 61 43 76 33;;30;15;0;;VRAI;FAUX;FAUX;VRAI;FAUX;FAUX;VRAI;FAUX;VRAI;<div>RER E : Pantin -</div>;Monsieur HAMIDI KAMEL : hamidikamal1951@gmail.com
RESIDENCE INVESTIMMO - PIERREFITTE;56 rue de Paris;93380;PIERREFITTE SUR SEINE;07 81 93 64 06;;0;0;0;;FAUX;FAUX;FAUX;FAUX;FAUX;FAUX;FAUX;FAUX;FAUX;"Prendre le RER D jusqu'� la station PIERREFITTE - STAINS 
Prendre le bus 361 jusqu'� Alcide d'Orbigny (2 arr�ts)
Prendre � droite sur le boulevard Pasteur. Continuer jusqu'� la rue de Paris.";Madame Hami est la g�rante.
L'ORIENTAL;49 boulevard de la Lib�ration;93210;SAINT DENIS;06 21 50 78 39;;29;14,5;14,5;;VRAI;VRAI;FAUX;VRAI;FAUX;FAUX;FAUX;FAUX;FAUX;"<div>Ligne 13 : descendre � la station &quot;Carrefour Pleyel&quot;</div>

<div>Ensuite prendre le bus 274 direction Saint-Denis et descendre � l'arr�t Jules Genovesi &nbsp;(2 eme arr�t)</div>

<div>&nbsp;</div>";"Ne veut pas de jeunes. Dispose d'une cuisine collective mise � disposition de 15h � 19h. 
G�rant: M. FARID 
Certaines chambres disposent des sanitaires � l'int�rieur. 
Sanitaires sur le pallier au 1 er etage ( 2 sanitaires)"
RESIDENCE SG&CO-REPUBLIQUE;12 bis boulevard de la R�publique;93130;NOISY LE SEC;06 75 75 84 45;;0;0;0;;FAUX;FAUX;FAUX;FAUX;FAUX;FAUX;FAUX;FAUX;FAUX;;
RESIDENCE COURONNE;95 rue Jean-Pierre Timbaud;75011;Paris;06 14 45 49 92;;0;0;0;;FAUX;FAUX;FAUX;FAUX;FAUX;FAUX;FAUX;FAUX;FAUX;Ligne 2 m�tro : Couronne;
L'ESCALE de LONGPERRIER;Rue de la Belle �toile;77230;LONGPERRIER;06 17 51 64 07;;0;0;0;;FAUX;FAUX;FAUX;FAUX;FAUX;FAUX;FAUX;FAUX;FAUX;"<div>RER B : Roissy</div>

<div>Avant dernier arr�t : Roissy-p�le Terminal 1 et 3</div>

<div>Bus 701 : : descendre arr�t Belle �toile</div>";"01 64 67 04 71 : les cottages de France : rue de la belle etoile 77230 longperrier Alison : responsable pour faire visiter 
01 60 54 94 52 h�tel l'escale sanitaire et cuise � l'int�rieur 
Appartements aussi possible : mr Salmeron Alain
Cuisine dans chaque chambre"
RESIDENCE SCI JABER;3 ter rue de Neuilly;93130;NOISY LE SEC;06 12 41 66 64;;0;0;0;;FAUX;FAUX;FAUX;FAUX;FAUX;FAUX;FAUX;FAUX;FAUX;;"F3 : 65 m�tres carr�s
Mr ben : propri�taire;"
RESIDENCE PONTCARRE;1 rue de la Gare;77135;PONTCARRE;;;14;0;0;;FAUX;FAUX;FAUX;FAUX;FAUX;VRAI;FAUX;VRAI;FAUX;<div>R�sidence mais cuisine non �quip�e </div>;Monsieur Dinigro initialement propose le tarif de 15 euros pour cette r�sidence
HOTEL DE LA GARE;1, rue Raymond Poincar�;95620;PARMAIN;01 34 73 02 05;;0;0;0;;VRAI;FAUX;FAUX;FAUX;FAUX;VRAI;FAUX;VRAI;FAUX;"<div>RER B ou H : gare du Nord</div>

<div>Prendre le rer H direction et arr�t Valmondois, </div>

<div>Ensuite ligne 9507 direction Jouy le Compte et descendre � la station la mairie; </div>";
RESIDENCE DAHAN JUNIOR;3-5 boulevard de Clichy;75009;PARIS;06 12 17 05 01;;13,5;27;0;;VRAI;FAUX;VRAI;VRAI;FAUX;VRAI;FAUX;VRAI;FAUX;<div>M�tro ligne 12 : Pigalle</div>;"6e �tage sans ascenseur

Penser � envoyer les lettres aux deux adresses mail"
HOTEL RESTAURANT DE L'AVENUE;99 avenue Marcel Paul;92230;GENNEVILLIERS;01 41 47 98 66;;29;25;0;;FAUX;FAUX;FAUX;FAUX;FAUX;FAUX;FAUX;VRAI;FAUX;"<div>Bus Ligne 54 &nbsp;� GARE DU NORD - DUNKERQUE &nbsp;� Direction GABRIEL PERI-METRO</div>

<div>arr�t PORTE DE CLICHY</div>

<div>Bus Ligne 138 : PORTE DE CLICHY-METRO &nbsp;� Direction ERMONT-EAUBONNE RER</div>

<div>Arr�t DEQUEVAUVILLIERS</div>";"Monsieur TAYEB
Pris de la chambre simple : 25 euros
et prix de la double : 29 euros
cuisine collective wc sur le pallier"
RESIDENCE ZAIDI;40 rue Jean Durand;93240;STAINS;06 29 74 86 02;;0;0;0;;FAUX;FAUX;FAUX;FAUX;FAUX;FAUX;FAUX;FAUX;FAUX;;
RESIDENCE LECLERC;27 AVENUE DE LA DIVISION LECLERC;93700;DRANCY;06 98 14 24 28;;0;0;13;;VRAI;FAUX;VRAI;VRAI;FAUX;FAUX;FAUX;VRAI;FAUX;<div>RER B Drancy 2 mn � pieds </div>;G�rante: Mme DIOUF et agence HEGMA conseil
PAVILLONS BLEUS;108 avenue du G�n�ral Leclerc;77330;OZOIR LA FERRI�RE;01 64 40 05 56;;0;0;0;;VRAI;FAUX;FAUX;VRAI;FAUX;FAUX;FAUX;FAUX;FAUX;<div>RER E : Ozoir la Ferriere </div>;"M. SAMIR

(Monsieur Belkacem : 06 28 58 03 90)"
HOTEL VICTOR HUGO;40 avenue Victor Hugo;94600;CHOISY LE ROI;09 80 62 77 14;;0;0;0;;VRAI;FAUX;FAUX;FAUX;FAUX;FAUX;FAUX;VRAI;FAUX;"<div>1. &nbsp;CHOISY LE ROI RER PUIS TVM DIRECTION SAINT MAUR - CRETEIL ET DESCENDRE A L'ARRET PASTEUR</div>

<div>2. RER D GARE DE CRETEIL POMPADOUR ENSUITE BUS 393 DESCENDRE A PASTEUR</div>

<div>&nbsp;</div>

<div>Portable du g�rant: 07 89 32 22 96</div>";"M. LOUNIS LE 
Monsieur Lounis le grand fr�re sera en vacance donc contater le 06 24 93 89 39
CHAMBRE AVEC DOUCHE INTERIEUR ET WC EXTERIEUR : CHAMBRE DOUBLE / 30 EUROS 
CHAMBRE SIMPLE AVEC DOUCHE INTERIEUR + WX / 25 EUROS 
MICRO ONDES ET DOUCHES DANS TOUTES LES CHAMBRES"
RESIDENCE ANATOLE France;152 rue Edouard Vaillant;93140;BONDY;06 75 75 84 45;;24;12;0;;FAUX;FAUX;FAUX;FAUX;FAUX;FAUX;FAUX;FAUX;FAUX;;
RESIDENCE MECHIN - ST-DENIS;2 Bis rue m�chin;93450;Ile Saint Denis;06 12 66 59 38;;0;0;0;;FAUX;FAUX;FAUX;FAUX;FAUX;FAUX;FAUX;FAUX;FAUX;;
RESIDENCE DAME BLANCHE;3 impasse des Sycomores;95140;GARGES L�S GONESSE;06 85 87 25 25;;13;12;0;;FAUX;FAUX;VRAI;VRAI;FAUX;FAUX;VRAI;VRAI;FAUX;<div>RER D (Direction Villiers-le-Bel (Gonesse - Arnouville)): Arr�t Garges-Sarcelles ensuite prendre le bus optile Ligne 31 (Direction PARC COMMERCIAL PONT DE PIERRE): Arr�t PLACE CHARLES DE GAULLE.</div>;Lave Vaisselle, Four, plaques de cuisson, machine � laver enti�rement r�nov� en 2015 souhaite une famille responsable qui ne d�t�riore pas.
HOTEL F1 CERGY CONFLANS-STE-HONORINE;98 rue de Cergy;78700;CONFLANS SAINTE HONORINE;08 91 70 52 28;;35;0;0;;FAUX;FAUX;FAUX;FAUX;FAUX;FAUX;FAUX;FAUX;FAUX;;"Hotel F1 Cergy Conflans-Ste-Honorine
RN 184 - 98 rue de Cergy
78700
CONFLANS-STE-HONORINE
Tel : +33(0) 8 91 70 52 28
Fax : +33(0) 1 34 90 02 62
Email : H2458@accor.com
33(0) 8 91 70 52 28"
RESIDENCE SCI DYADAM;39, rue Dombasle;93130;NOISY LE SEC;06 51 09 12 40;;13;0;0;;FAUX;FAUX;FAUX;FAUX;FAUX;FAUX;FAUX;FAUX;FAUX;"<div>RER E: NOISY LE SEC </div>

<div>&nbsp;&nbsp;&nbsp;&nbsp;&nbsp;&nbsp;</div>";
HOTEL FORMULE 1 PLAISIR;36 RUE PIERRE CURIE ZI DES GATINES;78370;PLAISIR-EN-YVELINES;08 91 70 53 55;;0;0;0;;FAUX;FAUX;FAUX;FAUX;FAUX;VRAI;FAUX;VRAI;FAUX;;
FORMULE 1 VILLEMOMBLE;8 all�e du Plateau;93250;VILLEMOMBLE;08 91 70 54 27;;38;0;0;;FAUX;FAUX;FAUX;FAUX;FAUX;FAUX;FAUX;FAUX;FAUX;;"Le g�rant est Monsieur BARBESSOl
Tarif applicable jusqu'au 31/12/2016
Chambre propos�e : 1 lit double et 1 lit superpos�. Chambre non fumeur."
HOTEL FORMULE 1 DE VILLENEUVE LE ROI;rue des Carri�res Morillon;94290;VILLENEUVE LE ROI;08 91 70 54 29;;0;;0;;FAUX;FAUX;FAUX;FAUX;FAUX;FAUX;FAUX;FAUX;FAUX;;
HOTEL FORMULE 1 CROSNE;1/3 rue des Investisseurs;91560;CROSNE;08 91 70 54 31;;0;0;0;;FAUX;FAUX;FAUX;FAUX;FAUX;FAUX;FAUX;FAUX;FAUX;;
HOTEL DE PARIS-RENAISSANCE;67 avenue Jean Lolive;93500;PANTIN;01 48 45 40 23;;0;0;0;;FAUX;FAUX;FAUX;FAUX;VRAI;VRAI;FAUX;VRAI;FAUX;<div>M�tro ligne 5 : arr�t Hoche </div>;"monsieur Gitimi
n'accepte pas de mineur
Sanitaire � l'interieur des chambres + frigo +micro-ondes + tv pour toutes les chambres .
Cuisine collective -"
HOTEL VERT GALAN;7 avenue de la Gare;93420;VILLEPINTE;01 56 48 05 48;;0;0;0;;FAUX;FAUX;FAUX;FAUX;FAUX;FAUX;FAUX;FAUX;FAUX;;
L'ATELIER;15 boulevard Victor Hugo;93400;SAINT OUEN;01 40 11 31 69;;0;0;0;;VRAI;FAUX;FAUX;VRAI;FAUX;FAUX;VRAI;FAUX;VRAI;"<div>Ligne 13 : station mairie de St Ouen</div>

<div>&nbsp;</div>

<div>M AOUIDEF</div>

<div>06 61 46 89 81</div>";Atelier : frigo et micro-ondes dans les chambres sanitaires sur le pallier et kit de nettoyage mis � disposition des clients. Les personnes changent elles-m�me leur drap une fois par semaine (prennent � l'accueil) les parties communes sont nettoy�es r�guli�rement.
Alliance H�tel de Torcy;2 all�e Gaston Deferre;77200;TORCY;01 60 17 63 09;;15;0;0;;FAUX;FAUX;FAUX;FAUX;FAUX;VRAI;FAUX;VRAI;FAUX;"<div>rer A : torcy 10 mn � pieds</div>

<div>bus 220 : arr�t Jacques pr�vert &nbsp;2eme carrefour � droite </div>

<div>&nbsp;</div>

<div>&nbsp;</div>";"Un refectoire est mis � disposition des personnes de l'h�tel chaises + tables + micro-ondes + frigo
Le gestionnaire est Monsieur SOW
chabane.yazid@gmail.com"
RESIDENCE ARGENTEUIL;23, rue du Troupeau;95100;ARGENTEUIL;07 78 67 03 76;;26;13;0;;FAUX;FAUX;VRAI;FAUX;FAUX;VRAI;FAUX;VRAI;FAUX;<div>A 150 m�tres du centre ville, proximit� tous commerces</div>;"Chambres pour une personne toutes �quip�es (homme seul) et studios pour familles sans enfants
monsieur Taalbi"
FORMULE 1 DE CLICHY SOUS BOIS;Boulevard Emile Zola;93390;CLICHY SOUS BOIS;08 91 70 52 25;01 43 88 97 49;0;0;0;;FAUX;FAUX;FAUX;FAUX;FAUX;FAUX;FAUX;FAUX;FAUX;"<div>RER E : MAGENTA direction CHELLES GOURNAY descendre � la gare LE RAINCY &nbsp;VILLEMOMBLE MONTFERMEIL puis ligne 603 : direction COROT, descendre � la station ADMINISTRATEUR.</div>";
HOTEL NORD SUD;143 avenue Gabriel P�ri;93400;SAINT OUEN;06 13 87 44 44;;0;0;0;;VRAI;FAUX;FAUX;VRAI;FAUX;VRAI;FAUX;VRAI;FAUX;"<div>M�tro Ligne 13 : Porte de Saint Ouen </div>

<div>&nbsp;</div>";"Accueil jusqu'� 23h

G�rant : Monsieur Youssef : 06 13 87 44 44 
Convention � �tablir"
FORMULE 1 AVIGNON;205 Rue Jean Marie Tjibaou;84000;AVIGNON;08 91 70 51 71;04 90 27 36 71;30;30;30;;FAUX;FAUX;FAUX;FAUX;FAUX;FAUX;FAUX;FAUX;FAUX;;
LE LEMON;LE GRAND VILLAGE;30650;ROCHEFORT DU GARD;04 90 27 95 66;;30,7;0;0;;FAUX;FAUX;FAUX;FAUX;FAUX;FAUX;FAUX;FAUX;FAUX;;
HOTEL FORMULE 1 TRAPPES;Rue Gaston MONMOUSSEAU;78190;TRAPPES;08 91 70 54 18;01 30 51 32 70;0;0;0;;FAUX;VRAI;FAUX;FAUX;FAUX;FAUX;VRAI;FAUX;FAUX;<div>A partir de la Gare de TRAPPES : BUS 402 ou 430 </div>;
hotelF1 Versailles Maurepas;Rue Claude Bernard - Centre Commercial Pariwest;78310;MAUREPAS;08 91 70 53 05;01 30 69 87 52;0;0;0;;FAUX;FAUX;FAUX;FAUX;FAUX;FAUX;FAUX;FAUX;FAUX;;
LA TABLE RONDE;12 rue de la Boulangerie;93210;SAINT DENIS;07 63 55 07 90;06 17 01 79 86;30;15;0;;VRAI;VRAI;FAUX;VRAI;FAUX;VRAI;FAUX;VRAI;FAUX;"<div>Ligne 13 : Basilique de Saint-Denis</div>

<div>&nbsp;</div>

<div>Sortir � place de la basilique. Face � la basilique prendre la rue � droite et la longer, l'h�tel se trouve � 50 metres</div>";"M. HEMARD G�rant
M. ARESKI 
06 18 36 65 11"
RESIDENCE MARCEAU;89 avenue Marceau;93700;DRANCY;06 07 84 21 57;;0;0;0;;FAUX;FAUX;FAUX;FAUX;FAUX;FAUX;FAUX;FAUX;FAUX;<div>A 200 m du RER B : Gare du Bourget</div>;"M. MECHENENE Bouzid : 06 13 53 25 31 bouzid@mechenene.com

M. MECHENENE Abdel : 06 07 84 21 57"
HOTEL BIENVENUE;15 avenue de Nonneville;93600;AULNAY SOUS BOIS;06 20 66 27 06;;0;0;0;;FAUX;FAUX;FAUX;FAUX;FAUX;FAUX;FAUX;FAUX;FAUX;"<div>Descendre � la gare d'aulnay sous bois.</div>

<div>Prendre la ligne &nbsp;613 direction Gare de Chelles Gournay station Chanteloup</div>

<div>&nbsp;</div>";Mme Lahrichi -
RESIDENCE JAURES;117 avenue Jean Jaur�s;75019;PARIS;01 83 95 47 54;;0;0;0;;FAUX;FAUX;VRAI;FAUX;FAUX;VRAI;FAUX;FAUX;FAUX;<div>Ligne 5 M�tro : Ourcq ou Laumi�re</div>;"Studio � l'int�rieur d'un h�tel � Jaur�s, au RDC.  - CONTACTER 06 60 56 80 80 MR HIMRI 
R�ception: Mme FASSI -
M KAIM : 
Sofiane : 06 11 20 92 17"
RESIDENCE MARIE SORIN;42 rue Marie Sorin Defresne;94400;VITRY SUR SEINE;07 51 25 45 05;;34;14;0;;FAUX;FAUX;FAUX;FAUX;VRAI;FAUX;FAUX;FAUX;FAUX;"<div>Ligne 7 (Direction Mairie d'Ivry)</div>

<div>Descendre � l'arr�t Porte de Choisy </div>

<div>et prendre le bus 183 et descendre � l'arr�t LA CIVETTE </div>

<div>&nbsp;</div>";Appartement de 3 chambres partag�s (chambre privative et salle de bain et cuisine collective)
HOTEL DE L'EUROPE;2 rue du Docteur MARBAIS;93190;Livry Gargan;01 43 32 60 30;;0;0;0;;FAUX;FAUX;FAUX;FAUX;VRAI;FAUX;FAUX;FAUX;FAUX;<div>Prendre le Bus 147 jusqu'� l'arr�t Mairie de LIVRY GARGAN.</div>;"L'h�telier ne veut que des personnes seules (pas des familles)
Pas de demi-pension"
RESIDENCE RYNA-LIBERTE;2 rue de la Libert�;93130;NOISY LE SEC;06 20 48 52 57;;0;0;0;;FAUX;FAUX;FAUX;FAUX;FAUX;FAUX;FAUX;FAUX;FAUX;<div>RER E : Noisy Le Sec</div>;Fr�re de monsieur MOKRANE  : 06 63 87 19 88 .
RESIDENCE LA BOISSIERE;22-24 boulevard de la Boissi�re;93230;ROMAINVILLE;07 68 87 37 40;06 52 66 56 99;26;13;0;;FAUX;FAUX;VRAI;FAUX;FAUX;FAUX;FAUX;VRAI;FAUX;;"Responsable : Malik
M AHMED : 06 29 37 11 34
2 studios  :  1 de 3 personnes 
et un autre de 1 � 2 personnes;"
R�sidence SCI ZAHIR;2 Rue Heurtault;93300;AUBERVILLIERS;07 78 86 06 54;;0;0;0;;FAUX;FAUX;FAUX;FAUX;FAUX;FAUX;FAUX;FAUX;FAUX;;Monsieur OUARET
HOTEL SETIFIS;113 avenue de Villeneuve Saint Georges;94600;CHOISY LE ROI;06 85 72 87 36;;30;15;0;;VRAI;FAUX;FAUX;VRAI;FAUX;FAUX;FAUX;FAUX;FAUX;<div>RER C Choisy le Roi ensuite bus 182 arr�t Th�ophile Duclos</div>;monsieur Allali
HOTEL TAKARIT;13 avenue Roger SEMAT;93210;SAINT DENIS;06 46 32 18 70;;15;0;0;;FAUX;FAUX;FAUX;VRAI;FAUX;FAUX;FAUX;FAUX;VRAI;"<div>Tramway T5 : Arr�t Guynemer </div>

<div>&nbsp;</div>";"3 chambres r�serv�es pour HSP : chambres de 1 ou 2 personnes .
Cuisine collective 
Monsieur Takarit
H�tel un peu vieillot mais pas sale. Faire visiter avant"
HOTEL VINTIMILLE;5 rue de Vintimille;75009;PARIS;01 48 74 93 20;01 49 95 96 93;50;0;0;;FAUX;FAUX;FAUX;FAUX;FAUX;VRAI;FAUX;VRAI;FAUX;"<div>M�tro : place de Clichy</div>

<div>Bus 30, 54, 68, 74, 80, 81, 95</div>";
RESIDENCE YALA;4 bis avenue de Rome;93150;Le Blanc Mesnil;06 52 17 32 57;;0;0;0;;FAUX;FAUX;FAUX;FAUX;FAUX;FAUX;FAUX;FAUX;FAUX;"<div>RER B : arr�t gare du Blanc Mesnil</div>

<div>Bus 620 : descendre � l'arr�t Pierre Semard (Direction Chemin Notre Dame)</div>";
HOTEL DE LA PAIX GESTIM;46/48 Avenue Paul Vaillant Couturier;94400;VITRY SUR SEINE;01 41 83 01 00;01 48 95 99 60;0;0;0;;FAUX;FAUX;VRAI;FAUX;FAUX;VRAI;FAUX;VRAI;FAUX;"<div>&nbsp;RER C Vitry sur Seine</div>

<div>&nbsp;&nbsp;&nbsp;&nbsp;&nbsp;prendre la direction sud-ouest sur place pierre semard (30 m)</div>

<div>&nbsp;&nbsp;&nbsp;&nbsp;arriv�e sur avenue paul vaillant-couturier</div>

<div>&nbsp;&nbsp;&nbsp;&nbsp;contourner par la gauche (70 m)</div>

<div>&nbsp;&nbsp;&nbsp;&nbsp;arriv�e sur avenue paul vaillant-couturier</div>";"Tel bureau : 01.41.83.01.00 (de 14h � 20h) 
COHEN : 06.23.71.48.86 (toute la journ�e) 
M. Fhima : 06.31.31.32.70 (toute la journ�e) 
Myriam : 07.64.45.55.76 (toute la journ�e) 

Fax : 01.48.95.99.60
Chambres adaptables en foncton du nombre de personnes

Num�ro de la gardienne : Anna : 06 28 76 30 38"
HOTEL AU REPOS DE LA MONTAGNE;19 rue de Louis Xavier De Ricard;94120;FONTENAY SOUS BOIS;06 23 71 48 86;01 48 95 99 60;0;0;0;;FAUX;FAUX;FAUX;FAUX;VRAI;FAUX;VRAI;FAUX;VRAI;"<div>&nbsp;RER A Fontenany sous bois , prendre le &nbsp;bus 124 direction Val de Fontenay RER </div>

<div>,Stations &quot;ANCIENNE MAIRIE DE FONTENAY-SOUS-BOIS&quot;</div>

<div>&nbsp;&nbsp;&nbsp;&nbsp;&nbsp;prendre la direction nord sur rue de joinville (70 m)</div>

<div>&nbsp;&nbsp;&nbsp;&nbsp;tourner � droite sur rue louis-xavier de ricard (200 m)</div>

<div>&nbsp;&nbsp;&nbsp;&nbsp;tourner � droite sur rue louis-xavier de ricard (220 m)</div>

<div>&nbsp;&nbsp;&nbsp;&nbsp;arriv�e sur rue louis-xavier de ricard</div>";"Mail : resagestim@gmail.com
Tel bureau : 01.41.83.01.00 (de 14h � 20h) 
Haim : 06.23.71.48.86 (toute la journ�e) 
M. Fhima: 06.31.31.32.70 (toute la journ�e) 
Mme ANNA GARDIENNE  0628763038
Myriam : 07.64.45.55.76 (toute la journ�e) 

Fax : 01.48.95.99.60"
RESIDENCE GESTIM;134 avenue de la Marne;93800;EPINAY SUR SEINE;;;0;0;0;;FAUX;FAUX;VRAI;FAUX;FAUX;VRAI;FAUX;VRAI;FAUX;"<div>&nbsp;&nbsp;&nbsp;&nbsp;Gare du Nord (Surface) �sncf Ligne H �direction Pontoise</div>

<div>&nbsp;</div>

<div>&nbsp;&nbsp;&nbsp;&nbsp;&nbsp;�Arr�t : Epinay-Villetaneuse :</div>

<div>&nbsp;</div>

<div>&nbsp;&nbsp;&nbsp;&nbsp;&nbsp;&nbsp;&nbsp;&nbsp;prendre la direction nord-est sur route de saint-leu (30 m)</div>

<div>&nbsp;&nbsp;&nbsp;&nbsp;&nbsp;&nbsp;&nbsp;&nbsp;tourner � gauche sur avenue jean jaur�s (30 m)</div>

<div>&nbsp;&nbsp;&nbsp;&nbsp;&nbsp;&nbsp;&nbsp;&nbsp;tourner � gauche sur avenue jean jaur�s (250 m)</div>

<div>&nbsp;&nbsp;&nbsp;&nbsp;&nbsp;&nbsp;&nbsp;&nbsp;tourner � gauche sur avenue de la marne (50 m)</div>

<div>&nbsp;&nbsp;&nbsp;&nbsp;&nbsp;&nbsp;&nbsp;&nbsp;arriv�e sur avenue de la marne</div>

<div>&nbsp;</div>

<div>&nbsp;&nbsp;&nbsp;&nbsp;&nbsp;�134, Avenue de la Marne, 93800, �pinay-sur-Seine</div>

<div>&nbsp;</div>

<div>&nbsp;</div>";"6 appartements de 3 � 6 personnes.
Proche Saint-Denis.
Tel bureau : 01.41.83.01.00 (de 14h � 20h) 
Haim : 06.23.71.48.86 (toute la journ�e) 
M. Fhima : 06.31.31.32.70 (toute la journ�e) 
Myriam : 07.64.45.55.76 (toute la journ�e)
Madamev Lenuta Gardienne au 06 62 53 37 79"
RESIDENCE BHNV;70 avenue de la For�t;91170;VIRY CHATILLON;;;0;0;0;;FAUX;FAUX;FAUX;FAUX;FAUX;FAUX;FAUX;FAUX;FAUX;;"5 apparts de 3/4 � 6 personnes -
Gardienne Madame ALEXANDRA 06 05 79 77 96 -"
LE PRINTEMPS;4 Place du Capitaine Glarner;93400;SAINT OUEN;01 40 11 57 38;;29;0;0;;FAUX;FAUX;FAUX;FAUX;FAUX;FAUX;VRAI;FAUX;VRAI;"<div>M�tro ligne 13 : Garibaldi</div>

<div>&nbsp;</div>";"18 Chambres simples ou doubles au 2e ou 3e �tage. Le 1er �tage est priv�.Les douches collectives sont au 1er �tage. TV? FRIGO, + wifi 
Le responsable s'appelle monsieur Said
Peut mettre frigo et micro-ondes � disposition (� demander pour la demande)
Le m�nage et changement de draps est fait 1 fois par semaine  et parties communes tous les jours"
La R�sidence Colombes;241 rue Henri Barbusse;95100;ARGENTEUIL;06 52 20 66 99;;0;0;0;;FAUX;FAUX;FAUX;FAUX;FAUX;FAUX;FAUX;FAUX;FAUX;;"Chambre de 18 m2 pour 3 pax 1 lit double avec 1 lit superpos� 
sanitaires et kitchinette
Resp; monsieur Ait Bachir"
HOTEL F1 Velleneuve le roi-Orly;1 rue des Mariniers;94290;VILLENEUVE LE ROI;01 49 61 40 29;01 49 61 14 80;45;15;0;;FAUX;FAUX;FAUX;FAUX;FAUX;FAUX;FAUX;FAUX;FAUX;;"Cr�ation d'une cuisine collective en cours. Proposer cet h�tel uniquement quand il y a 3 personnes.
R�ception entre 7h00 et 11h et entre 17h00 et 21h00. En dehors de ces horaires appeler Madame ATTAR sur son portable."
F1 VILLENEUVE LE ROI;1 rue des Mariniers;94290;VILLENEUVE LE ROI;06 29 71 16 54;;0;0;0;;FAUX;FAUX;FAUX;FAUX;FAUX;FAUX;FAUX;FAUX;FAUX;<div>H�tel qui se trouve en face du Mac Donald</div>;Mme ATTAR
HOTEL PARIS LA PLAINE;88 rue du Landy;93210;SAINT DENIS;01 49 98 08 41;;30;15;0;;FAUX;FAUX;FAUX;VRAI;VRAI;FAUX;FAUX;VRAI;FAUX;<div>M�tro 13</div>;"G�rant M. SELLAK
Gardien ABDEL AZIZ"
R�sidence D'Alembert;8 rue d'Alembert;93190;LIVRY GARGAN;06 52 66 56 99;;13;0;0;;FAUX;FAUX;VRAI;FAUX;FAUX;FAUX;FAUX;VRAI;FAUX;;"2 appartements de type studio pour trois personnes avec kitchenette et sanitaires � l'interieure.
G�rant M. MALIK
Remarque: Ne pas diffuser le 06 du g�rant au famille mais plut�t le 07"
RESIDENCE LE GREG BLEU;2 rue Bleue;75009;PARIS;06 08 58 84 67;;30;15;0;;FAUX;FAUX;VRAI;FAUX;FAUX;FAUX;FAUX;VRAI;FAUX;<div>M�tro ligne 7 : Poissonni�re</div>;R�sidence h�teli�re
HOTEL LES LILAS;43 avenue de Choisy;94190;VILLENEUVE SAINT GEORGES;06 25 29 96 38;;30;0;0;;FAUX;FAUX;FAUX;FAUX;FAUX;FAUX;FAUX;FAUX;FAUX;<div>RER D : Gare Villeneuve Triage</div>;"Mme BAZA
Superficie des chambres : 7 � 9 m2
RDC : 1 ou deux personnes par chambre"
RESIDENCE GESTIM-PAVILLONS SOUS BOIS;96 all�e Pierre et Marie Curie;93320;LES PAVILLONS SOUS BOIS;06 23 71 48 86;;0;0;0;;FAUX;FAUX;FAUX;FAUX;FAUX;FAUX;FAUX;FAUX;FAUX;<div>De la station de m�tro : Bobigny-Pantin, prendre le Bus 147 direction Sevran : descendre � la station La Fourche </div>;Myriam : 07 64 45 55 76
HOTEL L'ESCALE;1 Avenue de Bobigny;93130;NOISY LE SEC;06 35 41 89 40;;15;30;45;;VRAI;FAUX;FAUX;VRAI;FAUX;FAUX;VRAI;FAUX;VRAI;<div>GARE DE NOISY LE SEC puis � pieds ou bus 105/545 arr�t Saint Jean</div>;"Responsable M SOUALMI
12/04: deux chambres singles/doubles dispo le 13/04 midi et deux autres le mercredi 19/04 (travaux)

Couchage : lit individuel"
ROYAL LIVRY;85 bd Roger Salengro;93190;LIVRY GARGAN;06 50 84 30 76;;0;0;0;;FAUX;FAUX;FAUX;FAUX;FAUX;FAUX;FAUX;FAUX;FAUX;<div>BUS LIGNE 601: SALENGRO</div>;MR SLIMAN
LES BEAUX SOLEILS;9, chauss�e Jules C�sar;94310;ORLY;01 30 32 11 11;09 82 63 95 59;30;15;0;;FAUX;FAUX;FAUX;FAUX;FAUX;FAUX;FAUX;FAUX;FAUX;;"Cjambre double : lit double ou twins
Triple : un lit double + lit superpos�
Sanitaires : 1er �tage : int�gr�s (Doubles) ; RDC : collectifs (Triples)"
LES BEAUX SOLEILS;9, chauss�e Jules C�sar;95520;OSNY;01 30 32 11 11;09 82 63 95 59;30;15;0;;VRAI;FAUX;FAUX;VRAI;FAUX;FAUX;FAUX;FAUX;FAUX;"<div>RER A : La D�fense, direction Cergy le Haut, descendre � Cergy Pr�fecture.</div>

<div>Puis bus 44 direction St Christ RER, descendre R de la falaise.</div>";"RDC : triples avec toilettes collectives
1er �tage : Doubles avec sanitaires � l'int�rieur
Couchage : Double : lit double ou lits twins
Triples : un lit double + lit superpos�"
CARNOT;40 bis, rue Etienne Dolet;94140;ALFORTVILLE;06 59 72 20 98;;30;0;0;;VRAI;FAUX;FAUX;VRAI;VRAI;FAUX;FAUX;FAUX;FAUX;;"Mme ALLOUACHE
Certaines chambres ont des sanitaires int�gr�s, d'autres non.
6 chambres pour le social
Attention : facturation � la quinzaine (pas par mois)"
HOTEL LE RENOUVEAU;58 RUE EMILE ZOLA;93120;LA COURNEUVE;07 82 68 87 22;;30;15;15;;VRAI;FAUX;FAUX;VRAI;VRAI;FAUX;VRAI;VRAI;FAUX;"<div>RER B: La Courneuve-Aubervilliers</div>

<div>Prendre la direction Nord Passage Lecoeur,Tourner � gauche Avenue Victor Hugo,Tourner � gauche Boulevard Pasteur,Tourner � gauche Rue Suzanne Masson,Contourner par la gauche Rue Suzanne Masson Arriv�e Rue Suzanne Masson</div>";"G�rant : MOUSSAOUI Fatah 06 51 62 61 11 
Gestionnaire de l'accommodation MOUSSAOUI Farid : 07 82 68 87 22"
RESIDENCE HOTELIERE LES CORAUX;3 rue Calmet et Gu�rin;54385;AVRAINVILLE;01 64 90 90 71;;0;0;0;;FAUX;FAUX;FAUX;FAUX;FAUX;FAUX;FAUX;FAUX;FAUX;;"N'est pas int�ress� par le social mais les personnes sinistr�es ou provenant d'Action logement.
S�jour d'au moins deux semaines.
Les familles doivent amener leur literie."
RESIDENCE BHNV - LIVRY GARGAN;6 ALLE FAIDHERBE;93190;LIVRY GARGAN;06 23 71 48 86;;28;14;14;;FAUX;FAUX;FAUX;FAUX;FAUX;FAUX;FAUX;FAUX;FAUX;;
HOTEL L'UNIVERS;37 Boulevard Chanzy;93100;MONTREUIL;01 42 87 53 37;01 43 60 08 94;0;0;0;;VRAI;FAUX;VRAI;VRAI;FAUX;VRAI;VRAI;FAUX;FAUX;"<div>M�tro ligne 9 : Croix de Chavaux</div>

<div>&nbsp;</div>";"G�rante Mme ZADA

M�nage partie commune faite par l'h�tel et chambre par les occupants, draps �chang�s � l'acceuil une fois par semaine,
Visite strictement interdite"
SCI KAD ET RAD;35 rue Fran�ois Villon;93190;LIVRY GARGAN;06 52 59 28 28;;0;0;0;;FAUX;FAUX;FAUX;FAUX;FAUX;FAUX;FAUX;FAUX;FAUX;;"M BENBEKHTI
S�ur de madame BENBEKHTI : 06 25 73 18 05"
APPART'CITY D'ALFORTVILLE;2 RUE DU CAPITAINE ALFRED DREYFUS;94140;ALFORTVILLE;01 41 79 79 00;;0;0;0;;FAUX;FAUX;FAUX;FAUX;FAUX;FAUX;FAUX;FAUX;FAUX;;Contact M. DAVID
RESIDENCE EGALITE;22 rue de l'�galit�;93350;Le Bourget;06 03 59 46 76;;0;0;0;;FAUX;FAUX;FAUX;FAUX;FAUX;FAUX;FAUX;FAUX;FAUX;"<div>7 appartements pouvant contenir de 3 � 8 pax</div>

<div>IMMEUBLE DE 3 ETAGES</div>";
RESIDENCE FAIDHERBE;6 all�e FAIDHERBE;93190;LIVRY GARGAN;06 23 71 48 86;;0;0;0;;FAUX;FAUX;FAUX;FAUX;FAUX;FAUX;FAUX;FAUX;FAUX;"<div>Bus 8 : Station Fauss� Mossouin</div>

<div>GESTIM COHEN</div>";
HOTEL EDEN;2 rue Fran�ois Arago;93500;PANTIN;06 19 89 02 60;01 48 40 23 01;0;0;0;;FAUX;FAUX;FAUX;FAUX;FAUX;FAUX;FAUX;FAUX;FAUX;<div>Ligne 5 : �glise de Pantin -</div>;01.48.45.18.17
HOTEL LE ROUSSEAU;37 rue Eug�ne MASSE;93190;LIVRY GARGAN;06 75 71 13 12;;0;0;0;;VRAI;FAUX;FAUX;FAUX;VRAI;FAUX;FAUX;FAUX;FAUX;"<div>ROSNY-SOUS-BOIS RER &nbsp;� Bus Ligne 143 &nbsp;� Direction LA COURNEUVE - AUBERVILLIERS RER et descendre �</div>

<div>PONT DE BONDY - AVENUE DE ROSNY et prendre le Bus Ligne 147 &nbsp;� Direction AVENUE RONSARD et descendre � l'arret PLACE DE LA LIBERATION.</div>";"APPEL DE MR AISSIOU LE 28/09 : PAS DE JEUNES -
M AISSIOU : 06 07 49 96 74 - Perso
Pas de demi-pension

aissiou.tony@gmail.com (mail perso)"
HOTEL LE SAINT JOSEPH;56 avenue de la Croix Blanche;93600;AULNAY SOUS BOIS;06 75 71 13 12;;0;0;0;;FAUX;FAUX;FAUX;FAUX;FAUX;FAUX;FAUX;FAUX;FAUX;"<div>Ligne 615 (BOBIGNY PABLO PICASSO) GARE D'AULNAY SOUS BOIS et descendre � l'arr�t HENRI DUNANT</div>

<div>ensuite Prendre la direction Nord-Est Avenue Leli�vr, Contourner par la droite Avenue Leli�vre,Tourner � gauche Avenue de la Croix-Blanche, Arriv�e Avenue de la Croix-Blanche</div>";
HOTEL L'IMPREVU;72 rue de Paris;93380;PIERREFITTE SUR SEINE;06 75 71 13 12;;0;0;0;;FAUX;FAUX;FAUX;FAUX;FAUX;FAUX;FAUX;FAUX;FAUX;<div>Bus num�ro 337 : arr�t rue de la R�publique -</div>;Pas de demi-pension
HOTEL LE CYRANO;143 avenue de Stalingrad;93240;STAINS;06 75 71 13 12;;0;0;0;;FAUX;FAUX;FAUX;FAUX;FAUX;FAUX;FAUX;FAUX;FAUX;"<div>Bus 250: arr�t AVENUE DE STALINGRAD N0 215 ensuite </div>

<div>Prendre la direction Nord-Est Avenue de Stalingrad, Tourner � gauche Zone d'Activit�s Concert�es de la Cerisaie, Tourner � droite Avenue de Stalingrad &nbsp;</div>";
"HOTEL MODERNE ""LES MILLE ET UNE NUIT""";12 avenue de la Division Leclerc;93700;DRANCY;09 53 22 88 06;;0;0;0;;FAUX;FAUX;FAUX;FAUX;FAUX;FAUX;FAUX;FAUX;FAUX;;"Propri�taire : monsieur OUATMANI Halim 06 73 04 05 36

Appeler � ce num�ro : G�rant : Zyed FERTANE : 06 27 33 01 42 ou sur le fixe.

Co-g�rant : HOCINI Amirouche 06 68 29 88 38
Tel de l'h�tel : 01 48 31 06 53
09 67 44 06 53"
RESIDENCE SCI KACI;237 avenue Jean Jaur�s;93700;DRANCY;07 62 19 19 33;;0;0;0;;FAUX;FAUX;FAUX;FAUX;FAUX;FAUX;FAUX;FAUX;FAUX;;Mme KACI
HOTEL LE BIENVENU;103 Avenue du G�n�ral Leclerc;93500;PANTIN;01 57 42 56 01;;30;15;0;;FAUX;FAUX;FAUX;FAUX;FAUX;FAUX;FAUX;FAUX;FAUX;<div>BUS 151: ARRET DIDEROT -</div>;Cuisine collective en cr�ation, tv � installer, certaines chambres avec douche/wc, table+chaise � mettre .
HOTEL L'ATELIER 54;54 Rue Vouill�;75015;PARIS;09 72 80 86 19;;30;15;0;;FAUX;FAUX;FAUX;FAUX;FAUX;FAUX;FAUX;FAUX;FAUX;;"Monsieur Farid GOUL est le g�rant de l'h�tel 
Dans les chambres : frigo, micro-ondes, TV, lavabo et  sanitaires exterieur"
RESIDENCE MASS;48 rue Henri Barbusse;93200;SAINT DENIS;06 15 21 36 38;;27;13,5;0;;VRAI;FAUX;FAUX;VRAI;FAUX;VRAI;VRAI;VRAI;FAUX;"<div>Bus 253 / arr�t Clovis Hugues<br>
M�tro 13 / arr�t St denis universit� </div>";"Chambre doubles avec sanitaires, frigo et micro-onde.
Lit individuel ou superpos� � la demande
doit installer: armoir, table + chaise
Pas de TV
G�rant Mr MECHID ARIZKI"
HOTEL O'TERREIRO;76 Rue Henri Barbusse;93200;SAINT DENIS;06 63 91 34 80;;0;0;0;;VRAI;FAUX;FAUX;VRAI;FAUX;FAUX;VRAI;FAUX;VRAI;"<div>Bus 253 / arr�t Clovis Hugues</div>

<div>M�tro 13 / arr�t St Denis Universit� .</div>";"N'accepte pas les enfants de plus de 3 ans
Chambres avec sanitaires: 30/45 euros et sans sanitaires: 28/42
Pas de TV
G�rant Mr RIBEIRO Philippe"
HOTEL LE 70;70 Rue Saint Denis;93130;NOISY LE SEC;06 35 41 89 40;;27;13,5;0;;VRAI;FAUX;VRAI;VRAI;VRAI;FAUX;VRAI;FAUX;VRAI;"<div>&nbsp;RER E : NOISY LE SEC ensuite prendre le bus 105 (direction Portes des LILAS) et descendre � l'arr�t SAINT-JEAN</div>

<div>Prendre la direction Sud-Ouest Rue Jean Jaur�s,Tourner � droite Rue Henri Barbusse,Tourner � droite Rue Saint-Denis &nbsp;</div>";M. SOUALMI -
L'EDEN;92 avenue L�nine;94250;GENTILLY;06 14 33 76 59;;0;0;0;;VRAI;FAUX;FAUX;VRAI;FAUX;FAUX;FAUX;FAUX;FAUX;"<div>RER B : arr�t Gentilly ou La Place</div>

<div>ou</div>

<div>Ligne 4 : Porte d'Or�lans ou Mairie de Montrouge</div>";M ALLICH
F1 CERGY PONTOISE St MARTIN;Plateau St Martin;95000;PONTOISE;08 91 70 53 59;;0;0;0;;FAUX;FAUX;FAUX;FAUX;FAUX;FAUX;FAUX;FAUX;FAUX;;
H�tel Premi�re Classe Paris Est - Bobigny - Drancy;10 Rue de Stalingrad;93700;DRANCY;01 48 31 89 47;;60;0;0;;FAUX;FAUX;FAUX;FAUX;FAUX;FAUX;FAUX;FAUX;FAUX;;
RESIDENCE GESTIM-CLICHY SOUS BOIS;21 All�e Cochin;93390;CLICHY SOUS BOIS;06 23 71 48 86;;0;0;0;;FAUX;FAUX;FAUX;FAUX;FAUX;FAUX;FAUX;FAUX;FAUX;<div>BUS 146 ARRET AVENUE LADRETTE</div>;Mr Cohen
HOTEL F1 Clichy Sous Bois;Boulevard Emile Zola;93390;CLICHY SOUS BOIS;08 91 70 52 25;01 43 88 97 49;0;0;40;;FAUX;FAUX;FAUX;FAUX;FAUX;FAUX;FAUX;FAUX;FAUX;;
HOTEL TONTONVILLE;73 rue Georges Gosnat;94200;IVRY SUR SEINE;01 49 59 08 35;;0;0;0;;FAUX;FAUX;FAUX;FAUX;FAUX;FAUX;FAUX;FAUX;FAUX;;"M. KABICHE Hamid
01 41 90 90 64"
F1 Cergy Conflans Saint Honorine;98 Rue de Cergy;78700;CONFLANS SAINTE HONORINE;08 91 70 52 28;;0;0;0;;FAUX;FAUX;FAUX;FAUX;FAUX;FAUX;FAUX;FAUX;FAUX;;
R�sidence BHNV - THIAIS;52 Rue Gabriel P�ri;94320;THIAIS;06 23 71 48 86;;0;0;0;;VRAI;FAUX;VRAI;VRAI;FAUX;VRAI;FAUX;VRAI;FAUX;;
HOTEL F1 BLANC-MESNIL;Z.I. du Coudray, 8 Rue Nicolas Copernic;93600;AULNAY SOUS BOIS;08 91 70 51 69;;0;0;0;;FAUX;FAUX;FAUX;FAUX;FAUX;FAUX;FAUX;FAUX;FAUX;;
HOTEL F1 PARIS PORTE DE MONTMARTRE;29 Rue du Dr Babinski;75018;PARIS;08 91 70 53 50;;0;0;0;;FAUX;FAUX;FAUX;FAUX;FAUX;FAUX;FAUX;FAUX;FAUX;;
HOTEL F1 PORTE DE MONTREUIL;290-302, Rue Etienne Marcel, ZAC Eug�ne Barlain;93100;MONTREUIL;01 41 58 60 80;;0;0;0;;FAUX;FAUX;FAUX;FAUX;FAUX;FAUX;FAUX;FAUX;FAUX;;
HOTEL L'EXPRESS;62 Boulevard de la Gare;95350;SAINT BRICE SOUS FOR�T;06 75 71 13 12;;0;0;0;;FAUX;FAUX;FAUX;FAUX;FAUX;FAUX;FAUX;FAUX;FAUX;;Mr AISSIOU - Propri�taire .
HOTEL PRATIC;65 rue Planchat;75020;PARIS;06 70 75 14 24;06 17 27 80 29;30;15;0;;FAUX;FAUX;FAUX;FAUX;FAUX;FAUX;VRAI;FAUX;VRAI;;"M ABBOU ou Mme Four� 06 70 75 14 24 .
Visite effectu�e le 04/08 : Chambres singles, table, chaise et armoir. Le g�rant est ok pour ajouter dans chaque chambre un figo, un micro-ondes et une TV (A v�rifier). EXCLUSIVEMENT POUR LES HOMMES   (MOTIF: ANCIEN DELINQUANT RESIDENT A L'HOTEL)
PAS DE MINEURS -
Pas d'accueil le dimanche et apr�s 20h00"
FORMULE 1 EVRY;Rue Alcide de Gasp�ri, Zac Le Bois Briard;91000;EVRY;08 91 70 52 46;;0;0;0;;FAUX;FAUX;FAUX;FAUX;FAUX;FAUX;VRAI;FAUX;VRAI;;
R�sidence Hamiche;3 rue Pierre Brossolette;93160;NOISY LE GRAND;06 67 31 87 33;;0;0;0;;VRAI;FAUX;VRAI;VRAI;FAUX;VRAI;FAUX;VRAI;FAUX;;Appart de 65 m� sur RDC, deux pi�ces + salon, avec cours (jardin)
RESIDENCE JOFRA (ANCIEN SCI MNL);92 AVENUE JACK GOUREVITCH;94500;CHAMPIGNY SUR MARNE;06 18 65 62 13;06 13 44 26 14;0;0;0;;VRAI;VRAI;FAUX;FAUX;FAUX;FAUX;FAUX;FAUX;FAUX;<div>RER A ou E : arr�t Champigny Les Boullereaux RER A : Joinville Le Pont Bus 106 : arr�t G�n�ral de Gaulle Stalingrad</div>;"Le studio comporte deux pi�ces + une chambre au dessus en mezzanine et est �quip� lave linge, lave vaisselle � tout � l'int�rieur
LA GERANTE: Mme KHALIL 06.18.65.62.13 ou M.KHALIL: 06.13.44.26.14"
F1 Saint Denis Stade;Rue de la Cokerie, Avenue Francis de Pressenc�;93210;SAINT DENIS;08 91 70 53 78;;0;0;0;;FAUX;FAUX;FAUX;FAUX;FAUX;FAUX;VRAI;FAUX;VRAI;<div>RER de La Plaine-Stade de France</div>;
IBIS BUDGET GRIGNY CENTRE;10 Avenue des Tuileries;91350;GRIGNY;08 92 70 74 12;;0;0;0;;VRAI;FAUX;FAUX;FAUX;FAUX;FAUX;VRAI;FAUX;VRAI;<div>RER D - Grigny Centre </div>;
HOTEL VEGA;4 rue du G�n�ral Leclerc;60200;COMPIEGNE;03 44 23 32 17;03 44 86 06 23;30;27;0;;FAUX;FAUX;FAUX;FAUX;FAUX;FAUX;FAUX;FAUX;FAUX;"<div>Prendre le TER � GARE DU NORD et descendre � l'arr�t : COMPIEGNE (Hotel � 450m/6mn)</div>

<div>Marcher : direction sud/ouest vers la &quot;rue d'Amiens&quot; en direction des quais. Prendre � gauche vers le Pont &quot;LOUIS XV&quot; et continuer rue Solferino. La rue du G�n�ral Leclerc et � l'angle de la 2eme rue � droite.</div>";"1/-Responsable de l'�tablissement : Mohamed EL JABRI
2/-Transports urbains gratuits � Compi�gne
3/-Chambre avec sanitaires : 30 euros/jour
4/-Chambres sans sanitaires : 27 euros/jour"
HOTEL RESIDENCE HOCHE;49 RUE DE CHARLES NODIER;93310;LE PR� SAINT GERVAIS;01 48 45 40 10;;0;0;0;;VRAI;FAUX;FAUX;VRAI;FAUX;FAUX;VRAI;FAUX;VRAI;"<div>M�tro ligne : 5 &nbsp;- &nbsp;Arr�t : HOCHE</div>

<div>La rue Charles NODIER est � l'angle du 50, avenue Jean Lolive</div>";"TV + FRIGO + MICRO-ONDE
QUELQUE CHAMBRES AVEC LA DOUCHE"
Residence Les Estudines;8 rue Pierre Curie;92600;ASNI�RES SUR SEINE;01 47 90 20 20;;0;0;0;;FAUX;FAUX;FAUX;FAUX;FAUX;FAUX;FAUX;FAUX;FAUX;;G�rante: Sarah BERNADT
RESIDENCE DE L'EUROPE;7 rue du 11 novembre 1918;93190;LIVRY GARGAN;;;0;0;0;;FAUX;FAUX;FAUX;FAUX;FAUX;FAUX;FAUX;FAUX;FAUX;;M BENBEKTHI
Residence SCHUMAN;17 Boulevard Robert Schuman;93190;LIVRY GARGAN;06 19 89 66 23;;0;0;0;;FAUX;FAUX;FAUX;FAUX;FAUX;FAUX;FAUX;FAUX;FAUX;;
HOTEL MODERNE PR� SAINT GERVAIS;55 AVENUE EDOUARD VAILLANT;93310;LE PR� SAINT GERVAIS;06 52 79 82 91;;0;0;0;;FAUX;FAUX;FAUX;FAUX;FAUX;FAUX;FAUX;FAUX;FAUX;"<div>METRO LIGNE 11 OU 3BIS : PORTE DES LILAS</div>

<div>Chambres double a 30�</div>

<div>Simple � 29�</div>";"M.TALANZAR: 06 52 79 82 91
M.MOURAD: 06 95 84 18 31"
HOTEL FORNIO;104 boulevard de l'h�pital;75013;Paris;06 52 79 82 91;;0;0;0;;FAUX;FAUX;FAUX;FAUX;FAUX;FAUX;FAUX;FAUX;FAUX;<div>M�tro : Campo Fornio</div>;"M TALANZAR : 06 52 79 82 91
M MOURAD : 06 95 84 18 31"
HOTEL PASTEUR;140 Avenue Pasteur;93170;BAGNOLET;01 48 35 51 25;;0;0;0;;VRAI;FAUX;FAUX;FAUX;FAUX;FAUX;VRAI;FAUX;VRAI;;"il y a des chambres simples (11/12m�),doubles,triples et des studios ((15/16 m�),plaque de cuisson)
Reception : 01 48 35 51 25 MR MELITI 
Bureau : 01 43 63 71 64"
RESIDENCE SCI 2 L;27 Rue Saint CHARLES;93250;VILLEMOMBLE;06 30 85 43 25;;0;0;0;;FAUX;FAUX;FAUX;FAUX;FAUX;FAUX;FAUX;FAUX;FAUX;;
RESIDENCE PALESTRO;4 rue de Palestro;93500;PANTIN;07 60 29 95 75;;0;0;0;;FAUX;FAUX;FAUX;FAUX;FAUX;FAUX;FAUX;FAUX;FAUX;<div>M�tro ligne 5 : �glise de Pantin</div>;Mme SARAH
RESIDENCE SCI CAK 47;59 RUE EMILE BEAUFILS;93100;MONTREUIL;06 63 02 47 47;;0;0;0;;FAUX;FAUX;FAUX;FAUX;FAUX;FAUX;FAUX;FAUX;FAUX;;"M.Ouamri : 06.63.02.47.47
il faut 5 personnes facturables"
IBIS BUDGET;ZA La Garenne/14 all�e du Plateau;93250;VILLEMOMBLE;01 49 88 04 59;;0;0;0;;FAUX;FAUX;FAUX;FAUX;FAUX;FAUX;FAUX;FAUX;FAUX;;
H�tel 5 Silences;17, Boulevard Jules Guesde;93210;SAINT DENIS;06 75 20 68 90;;0;0;0;;FAUX;FAUX;FAUX;FAUX;FAUX;FAUX;FAUX;FAUX;FAUX;;
RESIDENCE NEUILLY PLAISANCE;78 avenue du Pr�sident Roosevelt;93360;NEUILLY PLAISANCE;06 10 08 89 29;;0;0;0;;FAUX;FAUX;FAUX;FAUX;FAUX;FAUX;FAUX;FAUX;FAUX;;M FLAMANT
HOTEL IKAR;168 rue du Rateau;93120;LA COURNEUVE;06 27 05 28 85;;0;0;0;;VRAI;FAUX;FAUX;FAUX;FAUX;FAUX;VRAI;FAUX;VRAI;;r�ception
RESIDENCE CKS;7 rue du 11 novembre 1918;93190;LIVRY GARGAN;06 52 59 28 28;;0;0;0;;FAUX;FAUX;FAUX;FAUX;FAUX;FAUX;FAUX;FAUX;FAUX;<div>Gare de SEVRAN LIVRY. Puis Bus 147 descendre place de la Lib�ration.</div>;M BENBEKHTI
HMS-R�sidence Roger Breton;41 rue roger breton;93700;DRANCY;06 51 01 34 25;;0;0;0;;FAUX;FAUX;FAUX;FAUX;FAUX;FAUX;FAUX;FAUX;FAUX;;
HOTEL LE COUTO;79 avenue Jean Jaures;93300;AUBERVILLIERS;01 48 11 63 70;;0;0;0;;FAUX;FAUX;FAUX;FAUX;FAUX;FAUX;FAUX;FAUX;FAUX;"<div>m�tro station quatres chemins &nbsp;- M�tro ligne 7 </div>

<div>MR NAFRADI</div>";
Hms-r�sidence Robert ballanger;230 boulevard robert ballanger;93420;VILLEPINTE;;;0;0;0;;FAUX;FAUX;FAUX;FAUX;FAUX;FAUX;FAUX;FAUX;FAUX;;HMS
;;;;;;0;0;0;;FAUX;FAUX;FAUX;FAUX;FAUX;FAUX;FAUX;FAUX;FAUX;;
HOTEL PRIM 'S;5 Passage de la Mairie;93310;LE PR� SAINT GERVAIS;01 48 40 40 73;;0;0;0;;FAUX;FAUX;FAUX;FAUX;FAUX;FAUX;FAUX;FAUX;FAUX;;G�rant Mr MOUSSAOUI
Pr�voyants;5 av Paul Vaillant  Couturier;93120;LA COURNEUVE;;;0;0;0;;FAUX;FAUX;FAUX;FAUX;FAUX;FAUX;FAUX;FAUX;FAUX;;Kader:0622829838
HOTEL ALSACE;5 BOULEVARD DE LA REPUBLIQUE;93190;LIVRY GARGAN;;;0;15;0;;VRAI;FAUX;FAUX;FAUX;FAUX;VRAI;FAUX;VRAI;FAUX;;
DEVIS POUR ACCORD;;75001;PARIS;;;0;0;0;;FAUX;FAUX;FAUX;FAUX;FAUX;FAUX;FAUX;FAUX;FAUX;;Hotel cr�e pour les DEVIS FACTICE
HOTEL ANTINEA;26 AVENUE MATHURIN MOREAU;75019;PARIS;01 44 84 98 16;;30;0;0;;FAUX;FAUX;FAUX;VRAI;VRAI;FAUX;VRAI;FAUX;VRAI;;
RESIDENCE MERACHE;104 Avenue Paul Vaillant Couturier;93210;SAINT DENIS;06 33 38 96 53;;0;0;0;;FAUX;FAUX;FAUX;FAUX;FAUX;FAUX;FAUX;FAUX;FAUX;<div>Ligne 13: BASILIQUE de Saint-denis</div>;M.MERACHE: 06.33.38. 96.53
HOTEL FABOSAM;144 rue Etienne Marcel;93100;MONTREUIL;01 42 87 03 44;06 50 91 27 46;0;0;0;;FAUX;FAUX;FAUX;FAUX;FAUX;FAUX;FAUX;FAUX;FAUX;<div>M�tro ligne 9 : Croix de Chavaux</div>;"M. MOULOUD 0650912746
M. Mustapha:0650910140
M AIT"
BHNV - AULNAY SOUS BOIS;27 boulevard de Strasbourg;93600;AULNAY SOUS BOIS;06 23 71 48 86;;0;0;0;;FAUX;FAUX;FAUX;FAUX;FAUX;FAUX;FAUX;FAUX;FAUX;;
HOTEL FORMULE 1-ROUEN LOUVIERS LE VAUDREUIL;123 RUE B.CHEDEVILLE;27100;LE VAUDREUIL;08 91 70 52 78;02 32 61 27 73;0;0;0;;FAUX;FAUX;FAUX;FAUX;FAUX;FAUX;FAUX;FAUX;FAUX;;
RESIDENCE SCI POTIER;3 ALLEE POTTIER;93140;BONDY;06 59 99 19 87;;0;0;0;;VRAI;FAUX;FAUX;VRAI;FAUX;FAUX;FAUX;FAUX;FAUX;"<div>RER E: ARRET BONDY ensuite prendre le Tramway Ligne T4 :GARE DE BONDY GARE D'AULNAY SOUS BOIS et descendre � la station:GARE DES PAVILLONS SOUS BOIS apr�s prendre le bus Ligne 146: GARE DES PAVILLONS-SOUS-BOIS LE BOURGET-RER et descendre � la station JEAN-BAPTISTE CLEMENT - JAURES</div>

<div>&nbsp;Prendre la direction Nord-Ouest Avenue Jean Jaur�s,Tourner � gauche Square Honor� d'Estienne d'Orves,Tourner � gauche All�e Danielle Casanova,Tourner � droite All�e Th�r�se,Tourner � droite All�e Pottier,Arriv�e All�e Pottier</div>";"RESIDENCE POUR 4/5 PERSONNES SURFACE 36 M�
FRIGO,MICRO-ONDE,GAZ,DOUCHE,TABLE,CHAISE,TV,LAVE-LINGE"
;;;;;;0;0;0;;FAUX;FAUX;FAUX;FAUX;FAUX;FAUX;FAUX;FAUX;FAUX;;
HOTEL LA FORET;15 rue Henri BARBUSSE;93370;MONTFERMEIL;06 14 81 29 30;;0;0;0;;VRAI;FAUX;FAUX;VRAI;FAUX;VRAI;FAUX;VRAI;FAUX;<div>Bus 601 et 602</div>;
RESIDENCE ESPOIR - ASNIERES;3 boulevard Voltaire;92600;ASNI�RES SUR SEINE;;;0;0;0;;FAUX;FAUX;FAUX;FAUX;FAUX;FAUX;FAUX;FAUX;FAUX;"<div>M�tro Ligne 13 direction : Asnieres Gennevilliers &nbsp;Jusqu'� l'arr�t Gabriel Peri </div>";
